number,CQ,MC,gamma,theta,m0,h,beta_prime,Nvirt
5,19.0,4.085211682930515,0.032836615391356294,0.4554348313565007,0.005212490865538391,0.34034668202748086,40.022514354091314,167
12,5.0,5.616864530714031,0.14870205821257423,0.14899385780949956,0.005914112567613271,0.3083415752586432,22.653172999102573,99
13,14.0,4.2394171177560125,0.059812746447082114,0.27319308107532586,0.0028332496775300914,0.328695823308702,28.60294379670797,168
14,36.0,4.446167957943004,0.10257595580433676,0.631328690240336,0.005262932484605039,0.42628751044724766,24.04064345915575,176
15,5.0,4.527586419008588,0.08266428109544308,0.4014015269252246,0.001597981607054291,0.44065341873644615,24.664432282737323,158
19,5.0,3.3126663904908686,0.03806447302379268,0.2888613466299546,0.001292484040210806,0.4552723899960404,24.561257757884256,376
21,0.0,2.0457626389614987,0.1481440206104329,0.1132386511485777,0.003959772838017819,0.47521163295922847,35.36687934118963,36
23,13.0,0.7997575692545182,0.1488429648831699,0.48286610904132127,0.003869932342102041,0.3888844847332808,27.686849072084,107
29,25.0,4.467671417755228,0.08486650950513733,0.4211247542457974,0.0010961464349719477,0.48868378490061337,27.484590895996178,375
32,23.0,3.176861992877889,0.1677320496201083,0.15107058871489196,0.005626549748372371,0.36538350348580406,21.003656382196993,306
33,40.0,5.00825259205448,0.04278632537517113,0.44002758957555616,0.003118060429905457,0.45177534102854805,46.6994379533585,236
34,3.0,3.493636211735171,0.02624474002119246,0.7720932436713577,0.005515569512672794,0.3848636586743075,39.197997465757794,48
35,5.0,3.1520425600256194,0.026597733200153253,0.022334806316737413,0.004324771000356528,0.4449371035902929,24.15378399333173,360
39,0.0,5.146442743605642,0.12408631607600985,0.10803232874575651,0.004167225985881965,0.4556476289153951,20.33727831436625,66
43,43.0,5.155107969839949,0.08576806192246061,0.3670067238636712,0.004503957254295709,0.3149825948989308,27.68155756043933,248
45,2.0,4.649474031465351,0.0657200835865795,0.4363305547638077,0.001288633004677919,0.43803902936307104,38.909085472461896,32
51,12.0,1.4855115580553797,0.12389102965672731,0.21581174060832484,0.0026292766179968965,0.49682381963953526,28.618457472523463,230
53,62.0,4.575262842459614,0.037761773751946934,0.47075213955523504,0.003328155538637541,0.3236744830799199,47.89790526661749,293
54,1.0,5.261431122164097,0.10533056013844987,0.13389634290796795,0.0036006440717229783,0.41909395361015866,20.231650132630513,179
56,0.0,0.952978028441218,0.24795333488120838,0.03357146121352094,0.0036298393886348757,0.4406181847835764,34.011614503718285,62
61,4.0,0.7075165971170092,0.07857740376691781,0.7211659876832408,0.0019153057087142231,0.4793165202699979,35.95588773802724,360
62,5.0,0.9830383244293253,0.1255416389789605,0.5802836879687931,0.00290167723545989,0.33402055597706504,34.33294983373221,72
65,23.0,3.527265426075126,0.02089366983798107,0.19738950869501504,0.0031019699567173984,0.4121451086726931,37.37457780377375,184
66,1.0,4.810142203378903,0.11408701174640817,0.11480444617254089,0.0020243702023142966,0.36453946406370596,21.48524640682353,104
68,3.0,5.784898059789059,0.06707779187420466,0.09581885346062773,0.00364865195801754,0.30646117617037827,41.7965657362074,125
70,25.0,4.664445974286206,0.05432498733423014,0.5773103277997221,0.0019462885128987391,0.4717749505104731,39.177358089441995,230
71,8.0,4.801681911559944,0.08821347802318837,0.03260651805689191,0.0042157913629503364,0.38452869162946424,22.58971194951726,318
72,2.0,4.408492161678743,0.1457230180340853,0.4925834252488586,0.0024846406320856128,0.31052020977766065,25.163195651932377,37
76,1.0,3.564170494106357,0.02964312761619531,0.20402941768477278,0.005884523604555656,0.4331340339328041,25.75833575464257,204
77,51.0,0.796243358940608,0.11937180233301252,0.15643139658483834,0.005898894206216515,0.4526960998950348,40.41520895219807,338
79,15.0,5.589629336797534,0.07956254844284566,0.0571877425152333,0.005288612874870094,0.41269244471616534,24.2354389689629,267
83,0.0,0.9393710845489711,0.24750304302845366,0.040894227349687416,0.005073912554173524,0.42337576787066233,20.051468280858806,241
87,0.0,5.3299232509233425,0.062008676445651806,0.3875693695463503,0.00398456794228866,0.4534358457844642,40.138506085950596,112
89,0.0,3.2441591421016556,0.058175680043889205,0.5582692344576767,0.00217613561553207,0.39563943394990164,22.203052280677202,45
94,109.0,3.5479163481993634,0.017005257078706242,0.4198538148599367,0.005641983615625242,0.4431531552026543,40.66463236801917,315
97,5.0,6.118972468642788,0.05374627913590356,0.08429763106162932,0.004876008624721988,0.4020356216520404,47.884114292673885,378
100,47.0,0.5892144329136872,0.08988961292545601,0.5282134336624403,0.004249781967221172,0.47879371262673226,40.30604118062969,176
102,92.0,3.4070071581225054,0.015600089552382755,0.2551992245531969,0.0024490921960693786,0.3438491851897433,47.36823398732476,387
103,2.0,2.10310469949375,0.14652123947813578,0.14527381677983844,0.005822127471817829,0.3621883458670392,40.696610263100894,80
116,11.0,3.995863731347583,0.05609868344089709,0.3520699183782345,0.0010944666985623955,0.44098970520212144,28.20334144870354,151
119,34.0,5.057978295440681,0.059187361163126076,0.3275013607464429,0.0017670412335909899,0.47943842858556707,43.59266276223231,233
121,1.0,4.820106387480482,0.053353054891203885,0.465667826599445,0.0036926028262793524,0.3851457519547007,41.086163951905775,70
137,0.0,2.30673467795368,0.07733853095485856,0.10196816784338036,0.0020895036721601335,0.4446577995989211,44.04933877867934,141
150,48.0,5.289929762203858,0.069274461903986,0.34142235979698393,0.005263302416213085,0.374076550480799,45.54284233747276,248
152,13.0,4.830944890904809,0.08857297477348551,0.5065270758871951,0.004544691304773046,0.4966576565651361,25.76763971989888,355
154,12.0,0.8921496404532736,0.1499105717902883,0.7378875156010121,0.005309560405659283,0.4237743101048812,22.64382579689679,86
158,65.0,0.8697269165751096,0.07728821217816838,0.291055373929082,0.004305768634622887,0.44762742876852546,48.53424530349422,381
160,7.0,0.5883173954530846,0.1398374369525221,0.13849975043109392,0.005482084456051395,0.3995654076483664,38.85363280741848,183
166,21.0,5.046201200557273,0.06946516250523027,0.4220221240530778,0.002464691757491659,0.3158449143626015,45.53877138303464,150
168,53.0,3.8314495753246742,0.04311677257598365,0.7771588448685787,0.0012559170639996433,0.3708289520813075,43.23408606734672,344
172,133.0,2.7652322719385882,0.012748062481586112,0.5129446915461141,0.002955841011151792,0.42151213485124533,34.77097777289335,380
173,14.0,4.2394171177560125,0.059812746447082114,0.27319308107532586,0.0028332496775300914,0.328695823308702,28.60294379670797,168
174,2.0,4.649474031465351,0.0657200835865795,0.4363305547638077,0.001288633004677919,0.43803902936307104,38.909085472461896,32
176,1.0,2.3694857831894947,0.08576806192246061,0.3670067238636712,0.0046748526322685415,0.3149825948989308,46.67382749158149,112
177,23.0,5.1307948874992295,0.06946516250523027,0.4220221240530778,0.002464691757491659,0.3158449143626015,46.6994379533585,150
179,4.0,5.322085649774166,0.05432498733423014,0.11480444617254089,0.0020243702023142966,0.4717749505104731,39.177358089441995,104
180,58.0,3.449743378890987,0.017005257078706242,0.711643129774095,0.005822127471817829,0.4431531552026543,48.77831320059768,315
181,46.0,3.9551923870288244,0.04311677257598365,0.7771588448685787,0.00217613561553207,0.39563943394990164,43.23408606734672,344
182,98.0,3.2278279953571514,0.02964312761619531,0.5883604670826516,0.005884523604555656,0.4331340339328041,25.75833575464257,388
183,35.0,5.628773155529171,0.0657200835865795,0.2741079299398312,0.004249781967221172,0.43803902936307104,38.909085472461896,176
186,0.0,4.1011972682055875,0.09235491385972783,0.5505486893749416,0.0010961464349719477,0.3851457519547007,33.25466819727084,70
187,10.0,4.249336887495478,0.07956254844284566,0.7211659876832408,0.0019153057087142231,0.41269244471616534,31.954737768225158,360
188,34.0,2.772977200769628,0.012748062481586112,0.5129446915461141,0.004305768634622887,0.44762742876852546,34.77097777289335,381
189,0.0,1.9847783594853485,0.14870205821257423,0.14899385780949956,0.004876008624721988,0.3083415752586432,47.884114292673885,47
190,0.0,2.0457626389614987,0.1481440206104329,0.1132386511485777,0.003959772838017819,0.47521163295922847,35.36687934118963,36
191,65.0,4.762790475747221,0.09351799178026932,0.3561800082726778,0.005914112567613271,0.3083415752586432,22.653172999102573,267
193,1.0,1.9481475921872078,0.11408701174640817,0.11480444617254089,0.001288633004677919,0.43803902936307104,29.979007146951147,153
194,8.0,4.7184184826465305,0.0657200835865795,0.4363305547638077,0.001288633004677919,0.43803902936307104,40.138506085950596,112
196,2.0,4.522464739054838,0.1255416389789605,0.5802836879687931,0.005073912554173524,0.33402055597706504,20.051468280858806,72
197,2.0,5.082313595452028,0.11408701174640817,0.03269375428384658,0.003118060429905457,0.36453946406370596,21.48524640682353,236
199,3.0,5.162080463333592,0.11577683696559413,0.14899385780949956,0.002955841011151792,0.3380221787451879,22.653172999102573,181
200,57.0,4.6170855826708355,0.037761773751946934,0.5002000711050099,0.004249781967221172,0.47879371262673226,40.30604118062969,293
202,47.0,4.22315314081556,0.028673037380959533,0.4198538148599367,0.005263302416213085,0.374076550480799,45.54284233747276,248
203,1.0,5.0013737401693925,0.08266428109544308,0.4014015269252246,0.00290167723545989,0.33402055597706504,34.33294983373221,72
205,1.0,4.688410188750153,0.06707779187420466,0.08429763106162932,0.004876008624721988,0.38501940817654945,22.65187020089464,125
206,105.0,3.5151216897862656,0.017005257078706242,0.3875693695463503,0.0035615365966875086,0.4431531552026543,40.66463236801917,315
207,49.0,2.964581978955935,0.02089366983798107,0.7226779108326955,0.0031019699567173984,0.43803902936307104,37.37457780377375,184
208,17.0,4.20277586489264,0.058175680043889205,0.5065270758871951,0.004544691304773046,0.4966576565651361,22.203052280677202,355
209,24.0,4.493821406385233,0.05432498733423014,0.5773103277997221,0.002464691757491659,0.3158449143626015,45.53877138303464,230
210,0.0,2.648073553834728,0.026597733200153253,0.022334806316737413,0.004324771000356528,0.4449371035902929,20.231650132630513,179
212,23.0,3.504362929348933,0.017005257078706242,0.4198538148599367,0.005641983615625242,0.4717749505104731,39.177358089441995,230
213,55.0,3.987166953994744,0.02624474002119246,0.34142235979698393,0.005515569512672794,0.4237820274476891,39.197997465757794,248
214,27.0,5.643009254433137,0.10215927508239338,0.15643139658483834,0.0058111708095673256,0.31093910622390203,27.68155756043933,248
217,8.0,3.7341815234390388,0.015600089552382755,0.1958273809087437,0.0024490921960693786,0.4237743101048812,47.36823398732476,86
218,35.0,4.905377828836519,0.08266428109544308,0.4014015269252246,0.005262932484605039,0.42628751044724766,24.664432282737323,176
220,59.0,5.379650660663576,0.069274461903986,0.34142235979698393,0.005263302416213085,0.374076550480799,45.54284233747276,233
221,43.0,4.7453681057679855,0.1457230180340853,0.631328690240336,0.005262932484605039,0.31052020977766065,24.04064345915575,176
222,0.0,4.230720190271331,0.02964312761619531,0.1132386511485777,0.003959772838017819,0.47521163295922847,35.36687934118963,204
223,43.0,5.155107969839949,0.08576806192246061,0.3670067238636712,0.004503957254295709,0.3149825948989308,27.68155756043933,248
224,50.0,0.645525546401785,0.10257595580433676,0.3875693695463503,0.005262932484605039,0.4534358457844642,40.138506085950596,176
225,18.0,3.684110367438816,0.02089366983798107,0.19738950869501504,0.0026292766179968965,0.4121451086726931,37.37457780377375,230
226,14.0,5.320854262096072,0.037761773751946934,0.2066065579973644,0.003328155538637541,0.49189025413414633,47.89790526661749,92
228,16.0,3.6153836717168417,0.02089366983798107,0.14899385780949956,0.0031019699567173984,0.4121451086726931,37.37457780377375,184
230,17.0,3.2846693867322534,0.026597733200153253,0.4014015269252246,0.001892104679594716,0.44065341873644615,32.544627076207064,158
232,29.0,4.487366751507361,0.04311677257598365,0.3520699183782345,0.0010944666985623955,0.44098970520212144,43.23408606734672,344
233,57.0,5.426307052320673,0.059187361163126076,0.3275013607464429,0.004167225985881965,0.4556476289153951,43.59266276223231,233
234,15.0,2.847248583168062,0.02089366983798107,0.19738950869501504,0.0031019699567173984,0.3083415752586432,22.653172999102573,184
235,25.0,3.4586407548067943,0.02089366983798107,0.27319308107532586,0.0031019699567173984,0.4121451086726931,37.37457780377375,168
237,22.0,3.7505671972928605,0.015600089552382755,0.0571877425152333,0.0024490921960693786,0.3438491851897433,47.36823398732476,387
240,52.0,5.135070540676575,0.053785947817175044,0.3670067238636712,0.004503957254295709,0.3149825948989308,40.66463236801917,248
241,24.0,5.499862799253656,0.05432498733423014,0.19738950869501504,0.0031019699567173984,0.4760733349243991,39.177358089441995,184
243,1.0,5.71699377092348,0.10533056013844987,0.13389634290796795,0.0036006440717229783,0.44056324197168206,22.653172999102573,179
244,33.0,1.4515210661769653,0.06946516250523027,0.44002758957555616,0.003118060429905457,0.45177534102854805,46.6994379533585,234
245,36.0,1.3148561215237033,0.07728821217816838,0.291055373929082,0.0012559170639996433,0.44762742876852546,43.23408606734672,381
246,54.0,3.969194225421136,0.028673037380959533,0.4198538148599367,0.004249781967221172,0.3309104070453074,44.81916521389473,248
248,30.0,3.4688787223732915,0.053785947817175044,0.3670067238636712,0.004876008624721988,0.3149825948989308,21.961111239072807,151
249,24.0,4.323937999998911,0.08266428109544308,0.4014015269252246,0.003757067047430519,0.3083415752586432,22.653172999102573,176
250,102.0,3.6048258649395812,0.017005257078706242,0.33123005228495284,0.0035615365966875086,0.4431531552026543,45.50633412511019,315
251,40.0,4.378406291982487,0.08576806192246061,0.6974845599862763,0.004503957254295709,0.3149825948989308,27.68155756043933,248
252,71.0,5.228099518749801,0.053785947817175044,0.3834782057311746,0.005914112567613271,0.3149825948989308,40.66463236801917,267
253,39.0,4.187483722611995,0.060982470062333566,0.631328690240336,0.002849128991100492,0.39563943394990164,33.94378665819784,176
254,37.0,5.533431369861878,0.059187361163126076,0.3275013607464429,0.0058111708095673256,0.4556476289153951,43.59266276223231,168
255,21.0,3.8215190289480514,0.04311677257598365,0.7771588448685787,0.0020243702023142966,0.39563943394990164,41.7851256260674,104
256,58.0,2.7492744059957315,0.017005257078706242,0.3875693695463503,0.0035615365966875086,0.41269244471616534,24.2354389689629,267
257,75.0,3.003604245755345,0.015600089552382755,0.2551992245531969,0.0024490921960693786,0.42151213485124533,34.77097777289335,380
258,123.0,2.8157627101155316,0.015600089552382755,0.4014015269252246,0.0024490921960693786,0.3438491851897433,34.33294983373221,387
259,46.0,3.9778381145856416,0.04311677257598365,0.7771588448685787,0.00217613561553207,0.3708289520813075,43.23408606734672,344
260,22.0,3.6966560844172536,0.059187361163126076,0.3275013607464429,0.0021705464694427657,0.36453946406370596,21.48524640682353,233
262,40.0,5.0517042172469715,0.0657200835865795,0.2741079299398312,0.004503957254295709,0.43803902936307104,24.547474099124774,248
263,13.0,1.0861923195325562,0.09351799178026932,0.47075213955523504,0.0055576481280557085,0.3083415752586432,47.89790526661749,188
265,49.0,2.4815516908826605,0.012748062481586112,0.5129446915461141,0.0010489273757506349,0.3158449143626015,34.77097777289335,381
266,22.0,5.461255882024991,0.05432498733423014,0.19738950869501504,0.0031019699567173984,0.4760733349243991,39.177358089441995,193
267,3.0,5.1041489783731055,0.09990193567828419,0.13389634290796795,0.004167225985881965,0.41909395361015866,20.231650132630513,86
268,32.0,3.5290735310888737,0.015600089552382755,0.2551992245531969,0.003580663856110568,0.4717749505104731,39.177358089441995,230
269,4.0,6.2118149600034815,0.06707779187420466,0.09581885346062773,0.004305768634622887,0.4055105807072985,41.7965657362074,125
270,69.0,0.8423583899699131,0.07728821217816838,0.291055373929082,0.003328155538637541,0.44762742876852546,48.53424530349422,381
271,61.0,3.7270586977898157,0.037761773751946934,0.2066065579973644,0.003328155538637541,0.49189025413414633,25.403239617363454,387
273,14.0,3.9893102285211977,0.04311677257598365,0.7771588448685787,0.002637251995909146,0.4717749505104731,40.7318459468553,230
274,28.0,4.233768745363005,0.030869367231862177,0.239084540229687,0.004249781967221172,0.43803902936307104,38.909085472461896,176
276,131.0,3.1318294465313197,0.012748062481586112,0.44002758957555616,0.003118060429905457,0.42151213485124533,46.6994379533585,380
277,47.0,4.22315314081556,0.028673037380959533,0.4198538148599367,0.005263302416213085,0.374076550480799,45.54284233747276,248
279,11.0,5.130412525182763,0.08576806192246061,0.0571877425152333,0.005288612874870094,0.3149825948989308,24.2354389689629,267
281,6.0,0.7718109983720203,0.10257595580433676,0.3875693695463503,0.002010039250480336,0.4534358457844642,40.138506085950596,126
284,19.0,4.000927010251045,0.09351799178026932,0.3561800082726778,0.0012559170639996433,0.3083415752586432,22.653172999102573,267
286,114.0,2.6205996510879053,0.017005257078706242,0.5065270758871951,0.004544691304773046,0.4431531552026543,20.71017850645178,315
288,67.0,3.358552223404475,0.015600089552382755,0.5883604670826516,0.005884523604555656,0.3438491851897433,47.36823398732476,388
289,72.0,3.9704598804922107,0.069274461903986,0.3875693695463503,0.005263302416213085,0.4837945426144974,40.66463236801917,315
290,109.0,3.4653587673646173,0.02964312761619531,0.3561800082726778,0.005884523604555656,0.4331340339328041,25.75833575464257,388
291,50.0,4.843631962283737,0.09351799178026932,0.5002000711050099,0.005037493199861073,0.47879371262673226,22.653172999102573,293
292,71.0,4.355028768675597,0.04311677257598365,0.38223755868212267,0.0031019699567173984,0.4760733349243991,33.777988251029605,344
293,19.0,5.474058661202571,0.0657200835865795,0.19738950869501504,0.0031019699567173984,0.3709994047780992,37.16731996155673,176
294,69.0,4.956098078413488,0.069274461903986,0.34142235979698393,0.005288612874870094,0.4607867044725622,24.2354389689629,267
295,98.0,3.2278279953571514,0.02964312761619531,0.5883604670826516,0.005884523604555656,0.4331340339328041,25.75833575464257,388
297,57.0,5.20232194304209,0.04278632537517113,0.3275013607464429,0.003118060429905457,0.45177534102854805,46.6994379533585,233
298,30.0,5.0873065665990485,0.053785947817175044,0.47075213955523504,0.004503957254295709,0.46273292554254775,47.89790526661749,248
300,4.0,5.168329761820535,0.06946516250523027,0.15929901526364207,0.0012559170639996433,0.3708289520813075,46.6994379533585,150
301,0.0,4.668545985970747,0.05432498733423014,0.4014015269252246,0.00290167723545989,0.33402055597706504,39.177358089441995,72
303,19.0,4.611675517847972,0.0426461426483413,0.19738950869501504,0.0031019699567173984,0.3158449143626015,39.177358089441995,184
304,109.0,3.5479163481993634,0.017005257078706242,0.4198538148599367,0.005641983615625242,0.4431531552026543,40.66463236801917,315
305,38.0,5.015832151839493,0.037761773751946934,0.31227464258892823,0.0016717261266730584,0.49189025413414633,47.89790526661749,293
306,74.0,4.67474557405336,0.10257595580433676,0.5883604670826516,0.005262932484605039,0.42628751044724766,25.75833575464257,388
308,106.0,3.3421674422097056,0.02964312761619531,0.5002000711050099,0.005884523604555656,0.4331340339328041,25.75833575464257,388
309,51.0,4.363752338203835,0.0657200835865795,0.2741079299398312,0.004503957254295709,0.4760733349243991,21.210137831462724,344
310,13.0,5.438871515709257,0.06946516250523027,0.24108565145126049,0.002464691757491659,0.31093910622390203,46.6994379533585,150
311,1.0,2.906207266482006,0.1503001464328992,0.13389634290796795,0.0036006440717229783,0.3450639281293179,37.16731996155673,176
312,88.0,3.186093125172765,0.015600089552382755,0.4014015269252246,0.0024490921960693786,0.3438491851897433,40.66463236801917,315
313,75.0,4.81263469299091,0.053785947817175044,0.47075213955523504,0.004503957254295709,0.46273292554254775,34.298146994547146,267
314,37.0,2.817034848064766,0.015600089552382755,0.704797149010954,0.0030785034490872494,0.3438491851897433,34.58642273427981,176
315,68.0,4.9433214680773885,0.069274461903986,0.18071454756682678,0.004503957254295709,0.4837945426144974,40.66463236801917,315
317,106.0,3.3563922919535845,0.02964312761619531,0.5883604670826516,0.004802593383394654,0.45290352602671247,25.75833575464257,388
318,162.0,2.950856535727467,0.015600089552382755,0.5883604670826516,0.005884523604555656,0.3438491851897433,37.76687573530968,387
319,26.0,4.252326216241567,0.059187361163126076,0.6974676156987538,0.002464691757491659,0.3158449143626015,43.59266276223231,150
320,13.0,0.8349834383233619,0.1184626397060445,0.2066065579973644,0.004249781967221172,0.49189025413414633,38.909085472461896,176
321,136.0,3.237034288875119,0.015600089552382755,0.44002758957555616,0.0024490921960693786,0.3438491851897433,46.6994379533585,387
322,131.0,2.4631355826022876,0.012748062481586112,0.5002000711050099,0.002955841011151792,0.47879371262673226,22.653172999102573,380
324,89.0,3.3928545534304613,0.017005257078706242,0.602565949985308,0.005914112567613271,0.4431531552026543,40.66463236801917,315
325,83.0,4.660892869583713,0.10257595580433676,0.5883604670826516,0.004305768634622887,0.42628751044724766,25.75833575464257,388
326,40.0,5.1286747070963195,0.05432498733423014,0.3275013607464429,0.0031019699567173984,0.4760733349243991,39.177358089441995,184
330,70.0,6.044097040715041,0.05374627913590356,0.08429763106162932,0.005884523604555656,0.4331340339328041,47.884114292673885,388
331,39.0,4.974211015366208,0.053785947817175044,0.47075213955523504,0.0031019699567173984,0.46273292554254775,47.89790526661749,176
332,44.0,5.204498993438725,0.059187361163126076,0.42813683286791304,0.0058111708095673256,0.4556476289153951,43.59266276223231,233
333,40.0,3.051569654107227,0.017005257078706242,0.210280192200929,0.002194273335480737,0.4431531552026543,26.472741434907093,315
334,11.0,4.896827286286855,0.069274461903986,0.3875693695463503,0.0020243702023142966,0.4837945426144974,39.177358089441995,104
336,54.0,3.307847600911814,0.017005257078706242,0.33123005228495284,0.0035615365966875086,0.4431531552026543,40.66463236801917,248
337,28.0,3.2914993079798647,0.015600089552382755,0.4014015269252246,0.002464691757491659,0.3438491851897433,46.6994379533585,150
338,58.0,3.097538374905457,0.017005257078706242,0.3875693695463503,0.0011709386839523286,0.4534358457844642,40.66463236801917,315
339,35.0,5.910692037226327,0.10215927508239338,0.15643139658483834,0.0058111708095673256,0.4431531552026543,27.383975244192847,248
340,51.0,5.530797442004629,0.05374627913590356,0.34142235979698393,0.004876008624721988,0.39250797717996455,45.54284233747276,248
341,3.0,3.6817835696523606,0.017005257078706242,0.09581885346062773,0.004305768634622887,0.4431531552026543,40.66463236801917,125
342,39.0,4.858786847656273,0.0657200835865795,0.5129446915461141,0.002955841011151792,0.42151213485124533,37.16731996155673,176
343,38.0,3.6069569510251003,0.015600089552382755,0.17957095447438087,0.0024490921960693786,0.4607867044725622,47.36823398732476,267
344,102.0,4.713102753563907,0.02964312761619531,0.33123005228495284,0.005884523604555656,0.4331340339328041,45.50633412511019,315
345,57.0,5.330420450867568,0.04278632537517113,0.3275013607464429,0.003328155538637541,0.45177534102854805,47.89790526661749,233
346,81.0,0.8418430730954898,0.1539687843365626,0.34142235979698393,0.005288612874870094,0.42628751044724766,25.75833575464257,267
347,37.0,3.7896582815510187,0.04278632537517113,0.3275013607464429,0.003118060429905457,0.4607867044725622,24.2354389689629,233
348,61.0,3.8670659051955054,0.017005257078706242,0.33123005228495284,0.004167225985881965,0.4556476289153951,45.50633412511019,233
350,114.0,2.6205996510879053,0.017005257078706242,0.5065270758871951,0.004544691304773046,0.4431531552026543,20.71017850645178,315
353,31.0,4.868559453230121,0.037761773751946934,0.2741079299398312,0.004249781967221172,0.49189025413414633,38.909085472461896,176
354,60.0,4.292134746636126,0.02964312761619531,0.5883604670826516,0.005884523604555656,0.4760733349243991,39.177358089441995,388
355,28.0,2.9008078185351738,0.012748062481586112,0.0571877425152333,0.005288612874870094,0.45280749994882175,24.2354389689629,380
357,53.0,5.692507669043028,0.053785947817175044,0.2741079299398312,0.004503957254295709,0.3496207137031825,47.89790526661749,248
358,4.0,4.9550352194135465,0.07956254844284566,0.0571877425152333,0.0011387350830409423,0.4331340339328041,25.75833575464257,388
359,78.0,5.35817971070249,0.069274461903986,0.3875693695463503,0.005884523604555656,0.4331340339328041,37.58409019257157,315
360,49.0,3.8553465519779175,0.069274461903986,0.7335737714705247,0.004967172151485607,0.35896609874010066,45.54284233747276,387
361,21.0,4.866506682798628,0.06946516250523027,0.4220221240530778,0.002464691757491659,0.3008625837860375,46.6994379533585,150
362,12.0,4.752964007403563,0.037761773751946934,0.2066065579973644,0.002464691757491659,0.3158449143626015,46.6994379533585,150
363,98.0,3.2278279953571514,0.02964312761619531,0.5883604670826516,0.005884523604555656,0.4331340339328041,25.75833575464257,388
364,112.0,3.6689643558369642,0.017005257078706242,0.3875693695463503,0.005263302416213085,0.4837945426144974,40.66463236801917,315
365,1.0,5.125554867000408,0.05432498733423014,0.11480444617254089,0.0012604962273933221,0.4717749505104731,39.177358089441995,104
366,106.0,2.916288674063093,0.012748062481586112,0.32335030067424814,0.002955841011151792,0.38403594368410954,34.77097777289335,380
367,17.0,4.023902561407896,0.08576806192246061,0.673256050183438,0.0023546242207500966,0.3158449143626015,27.68155756043933,150
369,116.0,2.5737229869306812,0.017005257078706242,0.5002000711050099,0.004544691304773046,0.4331340339328041,20.71017850645178,388
372,39.0,5.1711120909208255,0.06707779187420466,0.09581885346062773,0.005262932484605039,0.42628751044724766,25.466476287211744,388
373,2.0,5.534403245706667,0.05432498733423014,0.19738950869501504,0.004503957254295709,0.4760733349243991,39.177358089441995,77
374,67.0,2.5875642329510087,0.012748062481586112,0.5002000711050099,0.002955841011151792,0.47879371262673226,24.2354389689629,267
375,13.0,5.73812754678025,0.14870205821257423,0.14899385780949956,0.004503957254295709,0.3083415752586432,22.653172999102573,248
376,59.0,4.410030462504964,0.053785947817175044,0.5883604670826516,0.005914112567613271,0.47846159320563336,29.37178125760345,267
377,36.0,5.515977248169708,0.059187361163126076,0.3275013607464429,0.005914112567613271,0.3149825948989308,43.59266276223231,168
379,80.0,5.440903454156719,0.069274461903986,0.34142235979698393,0.005288612874870094,0.4607867044725622,35.13826524755751,267
380,54.0,5.633349330333818,0.05374627913590356,0.08429763106162932,0.005884523604555656,0.4331340339328041,37.58409019257157,388
382,66.0,5.862681305208051,0.10215927508239338,0.15643139658483834,0.005884523604555656,0.4331340339328041,25.75833575464257,388
383,9.0,4.6989898638452585,0.05374627913590356,0.08429763106162932,0.0012883637570508667,0.4020356216520404,32.968321629230836,387
384,77.0,5.499593593532322,0.069274461903986,0.3875693695463503,0.005884523604555656,0.41269244471616534,37.58409019257157,267
385,56.0,2.0415085359197884,0.09351799178026932,0.23240849885369988,0.0035615365966875086,0.3083415752586432,45.50633412511019,283
387,4.0,4.333854292368219,0.07956254844284566,0.07804381458212725,0.005288612874870094,0.44056324197168206,46.2856750667309,179
388,73.0,5.544964135903119,0.0657200835865795,0.2741079299398312,0.004503957254295709,0.46273292554254775,34.298146994547146,267
389,5.0,5.2620972321472035,0.0657200835865795,0.33123005228495284,0.004249781967221172,0.43803902936307104,38.909085472461896,32
390,45.0,5.174820961571718,0.059187361163126076,0.42813683286791304,0.0058111708095673256,0.48664176756044203,41.7965657362074,233
391,62.0,6.097884258078679,0.06707779187420466,0.08429763106162932,0.005884523604555656,0.4331340339328041,41.7965657362074,388
392,97.0,0.7197704333267545,0.07956254844284566,0.3820095353079351,0.005326243382744775,0.49729109545651956,45.50633412511019,267
393,35.0,5.910692037226327,0.10215927508239338,0.15643139658483834,0.0058111708095673256,0.4431531552026543,27.383975244192847,248
394,90.0,3.1625481895197947,0.015600089552382755,0.44002758957555616,0.0031019699567173984,0.3438491851897433,46.6994379533585,344
396,36.0,4.5393238612872375,0.02964312761619531,0.08429763106162932,0.004876008624721988,0.4331340339328041,35.236053213103645,315
397,59.0,3.1600966921602702,0.069274461903986,0.44002758957555616,0.005263302416213085,0.4837945426144974,40.66463236801917,315
398,17.0,2.8715309932651207,0.012748062481586112,0.0571877425152333,0.002955841011151792,0.42151213485124533,24.2354389689629,380
399,38.0,5.33937797834388,0.05374627913590356,0.3875693695463503,0.005263302416213085,0.4837945426144974,45.54284233747276,248
