study_id,run_id,sweep_parameter,sweep_index,sweep_value,family,family_role,trial_id,status,failure_code,failure_message,nominal_beta_prime,nominal_theta,nominal_gamma,nominal_m0,nominal_n_instances,nominal_beta_spread,applied_beta_prime,applied_theta,applied_gamma,applied_m0,applied_n_instances,applied_beta_spread,Nvirt,geometry_mode,morphology_scheme,morphology_weights_mode,morphology_seed,trial_seed,input_signal_seed,mask_seed,MC,KR,GR,CQ,runtime_seconds,started_at_utc,finished_at_utc
uniform_vs_heterogeneous_single_factor_tims_sweep_v1,run_20260314_210719,gamma,1,0.01,uniform,baseline,gamma_sweep_01_uniform,completed,,,20.0,0.2,0.01,0.01,5,3.0,20.0,0.2,0.01,0.01,,,100,uniform,,,,1443379480,235820628,1331743193,2.5119267283993176,59.0,1.0,58.0,94.54848009999841,2026-03-14T22:24:56Z,2026-03-14T22:26:30Z
uniform_vs_heterogeneous_single_factor_tims_sweep_v1,run_20260314_210719,gamma,1,0.01,heterogeneous,candidate,gamma_sweep_01_heterogeneous,completed,,,20.0,0.2,0.01,0.01,5,3.0,20.0,0.2,0.01,0.01,5,3.0,100,distributional_beta,random,equal,3897761708,1443379480,235820628,1331743193,2.6087002133562422,47.0,1.0,46.0,137.28735159989446,2026-03-14T22:26:30Z,2026-03-14T22:28:47Z
uniform_vs_heterogeneous_single_factor_tims_sweep_v1,run_20260314_210719,gamma,2,0.03111111111111111,uniform,baseline,gamma_sweep_02_uniform,completed,,,20.0,0.2,0.03111111111111111,0.01,5,3.0,20.0,0.2,0.03111111111111111,0.01,,,100,uniform,,,,2612121780,1195119090,3369815799,2.717085359591092,72.0,1.0,71.0,94.81408490007743,2026-03-14T22:28:47Z,2026-03-14T22:30:22Z
uniform_vs_heterogeneous_single_factor_tims_sweep_v1,run_20260314_210719,gamma,2,0.03111111111111111,heterogeneous,candidate,gamma_sweep_02_heterogeneous,completed,,,20.0,0.2,0.03111111111111111,0.01,5,3.0,20.0,0.2,0.03111111111111111,0.01,5,3.0,100,distributional_beta,random,equal,3897761708,2612121780,1195119090,3369815799,2.900467543618271,62.0,1.0,61.0,137.09879729989916,2026-03-14T22:30:22Z,2026-03-14T22:32:39Z
uniform_vs_heterogeneous_single_factor_tims_sweep_v1,run_20260314_210719,gamma,3,0.052222222222222225,uniform,baseline,gamma_sweep_03_uniform,completed,,,20.0,0.2,0.052222222222222225,0.01,5,3.0,20.0,0.2,0.052222222222222225,0.01,,,100,uniform,,,,491212468,639730780,2426936498,3.0230357277505577,82.0,1.0,81.0,94.89177200011909,2026-03-14T22:32:39Z,2026-03-14T22:34:14Z
uniform_vs_heterogeneous_single_factor_tims_sweep_v1,run_20260314_210719,gamma,3,0.052222222222222225,heterogeneous,candidate,gamma_sweep_03_heterogeneous,completed,,,20.0,0.2,0.052222222222222225,0.01,5,3.0,20.0,0.2,0.052222222222222225,0.01,5,3.0,100,distributional_beta,random,equal,3897761708,491212468,639730780,2426936498,3.1029077939582983,74.0,1.0,73.0,136.7953701999504,2026-03-14T22:34:14Z,2026-03-14T22:36:31Z
uniform_vs_heterogeneous_single_factor_tims_sweep_v1,run_20260314_210719,gamma,4,0.07333333333333333,uniform,baseline,gamma_sweep_04_uniform,completed,,,20.0,0.2,0.07333333333333333,0.01,5,3.0,20.0,0.2,0.07333333333333333,0.01,,,100,uniform,,,,2936744238,1954826618,216515674,4.16675632810292,88.0,2.0,86.0,94.69281579996459,2026-03-14T22:36:31Z,2026-03-14T22:38:06Z
uniform_vs_heterogeneous_single_factor_tims_sweep_v1,run_20260314_210719,gamma,4,0.07333333333333333,heterogeneous,candidate,gamma_sweep_04_heterogeneous,completed,,,20.0,0.2,0.07333333333333333,0.01,5,3.0,20.0,0.2,0.07333333333333333,0.01,5,3.0,100,distributional_beta,random,equal,3897761708,2936744238,1954826618,216515674,3.9571037899417365,81.0,4.0,77.0,137.05432690004818,2026-03-14T22:38:06Z,2026-03-14T22:40:23Z
uniform_vs_heterogeneous_single_factor_tims_sweep_v1,run_20260314_210719,gamma,5,0.09444444444444444,uniform,baseline,gamma_sweep_05_uniform,completed,,,20.0,0.2,0.09444444444444444,0.01,5,3.0,20.0,0.2,0.09444444444444444,0.01,,,100,uniform,,,,998925781,858011228,1665825923,5.718196802477341,83.0,5.0,78.0,95.03699829988182,2026-03-14T22:40:23Z,2026-03-14T22:41:58Z
uniform_vs_heterogeneous_single_factor_tims_sweep_v1,run_20260314_210719,gamma,5,0.09444444444444444,heterogeneous,candidate,gamma_sweep_05_heterogeneous,completed,,,20.0,0.2,0.09444444444444444,0.01,5,3.0,20.0,0.2,0.09444444444444444,0.01,5,3.0,100,distributional_beta,random,equal,3897761708,998925781,858011228,1665825923,5.341757729150995,70.0,7.0,63.0,137.56669480004348,2026-03-14T22:41:58Z,2026-03-14T22:44:15Z
uniform_vs_heterogeneous_single_factor_tims_sweep_v1,run_20260314_210719,gamma,6,0.11555555555555555,uniform,baseline,gamma_sweep_06_uniform,completed,,,20.0,0.2,0.11555555555555555,0.01,5,3.0,20.0,0.2,0.11555555555555555,0.01,,,100,uniform,,,,3341645679,457886829,3538871409,5.771677435650643,87.0,17.0,70.0,95.00546929985285,2026-03-14T22:44:15Z,2026-03-14T22:45:50Z
uniform_vs_heterogeneous_single_factor_tims_sweep_v1,run_20260314_210719,gamma,6,0.11555555555555555,heterogeneous,candidate,gamma_sweep_06_heterogeneous,completed,,,20.0,0.2,0.11555555555555555,0.01,5,3.0,20.0,0.2,0.11555555555555555,0.01,5,3.0,100,distributional_beta,random,equal,3897761708,3341645679,457886829,3538871409,5.493310078702548,77.0,18.0,59.0,137.31645569996908,2026-03-14T22:45:50Z,2026-03-14T22:48:08Z
uniform_vs_heterogeneous_single_factor_tims_sweep_v1,run_20260314_210719,gamma,7,0.1366666666666667,uniform,baseline,gamma_sweep_07_uniform,completed,,,20.0,0.2,0.1366666666666667,0.01,5,3.0,20.0,0.2,0.1366666666666667,0.01,,,100,uniform,,,,3770675915,2370894938,3298362815,6.2489707444670985,93.0,52.0,41.0,94.67418959992938,2026-03-14T22:48:08Z,2026-03-14T22:49:42Z
uniform_vs_heterogeneous_single_factor_tims_sweep_v1,run_20260314_210719,gamma,7,0.1366666666666667,heterogeneous,candidate,gamma_sweep_07_heterogeneous,completed,,,20.0,0.2,0.1366666666666667,0.01,5,3.0,20.0,0.2,0.1366666666666667,0.01,5,3.0,100,distributional_beta,random,equal,3897761708,3770675915,2370894938,3298362815,5.202503138586848,89.0,66.0,23.0,137.1464144999627,2026-03-14T22:49:42Z,2026-03-14T22:51:59Z
uniform_vs_heterogeneous_single_factor_tims_sweep_v1,run_20260314_210719,gamma,8,0.1577777777777778,uniform,baseline,gamma_sweep_08_uniform,completed,,,20.0,0.2,0.1577777777777778,0.01,5,3.0,20.0,0.2,0.1577777777777778,0.01,,,100,uniform,,,,941057151,1608557929,2356006179,6.993444223953397,79.0,68.0,11.0,95.04123859992251,2026-03-14T22:51:59Z,2026-03-14T22:53:35Z
uniform_vs_heterogeneous_single_factor_tims_sweep_v1,run_20260314_210719,gamma,8,0.1577777777777778,heterogeneous,candidate,gamma_sweep_08_heterogeneous,completed,,,20.0,0.2,0.1577777777777778,0.01,5,3.0,20.0,0.2,0.1577777777777778,0.01,5,3.0,100,distributional_beta,random,equal,3897761708,941057151,1608557929,2356006179,4.340261084678443,50.0,32.0,18.0,136.5368830000516,2026-03-14T22:53:35Z,2026-03-14T22:55:51Z
uniform_vs_heterogeneous_single_factor_tims_sweep_v1,run_20260314_210719,gamma,9,0.1788888888888889,uniform,baseline,gamma_sweep_09_uniform,completed,,,20.0,0.2,0.1788888888888889,0.01,5,3.0,20.0,0.2,0.1788888888888889,0.01,,,100,uniform,,,,2215109747,1487910696,1914032874,1.9822264914781267,74.0,72.0,2.0,95.2323272000067,2026-03-14T22:55:51Z,2026-03-14T22:57:26Z
uniform_vs_heterogeneous_single_factor_tims_sweep_v1,run_20260314_210719,gamma,9,0.1788888888888889,heterogeneous,candidate,gamma_sweep_09_heterogeneous,completed,,,20.0,0.2,0.1788888888888889,0.01,5,3.0,20.0,0.2,0.1788888888888889,0.01,5,3.0,100,distributional_beta,random,equal,3897761708,2215109747,1487910696,1914032874,2.4394369638894204,62.0,60.0,2.0,136.80498800007626,2026-03-14T22:57:26Z,2026-03-14T22:59:43Z
uniform_vs_heterogeneous_single_factor_tims_sweep_v1,run_20260314_210719,gamma,10,0.2,uniform,baseline,gamma_sweep_10_uniform,completed,,,20.0,0.2,0.2,0.01,5,3.0,20.0,0.2,0.2,0.01,,,100,uniform,,,,2416810949,3200246158,4282125702,2.8867379060720593,88.0,90.0,-2.0,95.3442486000713,2026-03-14T22:59:43Z,2026-03-14T23:01:18Z
uniform_vs_heterogeneous_single_factor_tims_sweep_v1,run_20260314_210719,gamma,10,0.2,heterogeneous,candidate,gamma_sweep_10_heterogeneous,completed,,,20.0,0.2,0.2,0.01,5,3.0,20.0,0.2,0.2,0.01,5,3.0,100,distributional_beta,random,equal,3897761708,2416810949,3200246158,4282125702,0.0,86.0,87.0,-1.0,136.91931389993988,2026-03-14T23:01:18Z,2026-03-14T23:03:35Z
