result_schema_version,study_id,run_id,trial_id,family,family_role,family_trial_index,optuna_study_name,optuna_trial_number,status,failure_code,failure_message,global_seed,trial_seed,input_signal_seed,mask_seed,morphology_seed,beta_prime,theta,gamma,m0,Nvirt,geometry_mode,morphology_scheme,morphology_n_instances,morphology_beta_spread,morphology_weights_mode,MC,KR,GR,CQ,CQ_formula,runtime_seconds,started_at_utc,finished_at_utc,resolved_config_path,trial_log_path
1.0,uniform_vs_heterogeneous_fixed_geometry_beta20_v1,run_20260312_202651,uniform_trial_0001,uniform,baseline,1,uniform_fixed_repeated_eval_study,0,completed,,,1234,822605836,2870441983,4175664996,,20.0,0.2,0.05,0.01,100,uniform,,,,,3.8065118399074307,84.0,1.0,83.0,KR_minus_GR,110.0973058999516,2026-03-12T20:26:51Z,2026-03-12T20:28:42Z,results/raw/uniform_vs_heterogeneous_fixed_geometry_beta20_v1/run_20260312_202651/resolved_config.yaml,
1.0,uniform_vs_heterogeneous_fixed_geometry_beta20_v1,run_20260312_202651,uniform_trial_0002,uniform,baseline,2,uniform_fixed_repeated_eval_study,1,completed,,,1234,3830801295,1299180806,2620423767,,20.0,0.2,0.05,0.01,100,uniform,,,,,3.7770266143663775,86.0,1.0,85.0,KR_minus_GR,96.31497809989378,2026-03-12T20:28:42Z,2026-03-12T20:30:18Z,results/raw/uniform_vs_heterogeneous_fixed_geometry_beta20_v1/run_20260312_202651/resolved_config.yaml,
1.0,uniform_vs_heterogeneous_fixed_geometry_beta20_v1,run_20260312_202651,uniform_trial_0003,uniform,baseline,3,uniform_fixed_repeated_eval_study,2,completed,,,1234,379826909,3015631471,452068234,,20.0,0.2,0.05,0.01,100,uniform,,,,,3.3346378419132456,84.0,1.0,83.0,KR_minus_GR,94.83404020010494,2026-03-12T20:30:18Z,2026-03-12T20:31:53Z,results/raw/uniform_vs_heterogeneous_fixed_geometry_beta20_v1/run_20260312_202651/resolved_config.yaml,
1.0,uniform_vs_heterogeneous_fixed_geometry_beta20_v1,run_20260312_202651,uniform_trial_0004,uniform,baseline,4,uniform_fixed_repeated_eval_study,3,completed,,,1234,3201149240,3683736419,2166352710,,20.0,0.2,0.05,0.01,100,uniform,,,,,3.088497994981448,83.0,1.0,82.0,KR_minus_GR,95.96361469989643,2026-03-12T20:31:53Z,2026-03-12T20:33:29Z,results/raw/uniform_vs_heterogeneous_fixed_geometry_beta20_v1/run_20260312_202651/resolved_config.yaml,
1.0,uniform_vs_heterogeneous_fixed_geometry_beta20_v1,run_20260312_202651,uniform_trial_0005,uniform,baseline,5,uniform_fixed_repeated_eval_study,4,completed,,,1234,3822280574,2017292713,133671639,,20.0,0.2,0.05,0.01,100,uniform,,,,,3.9497581463538842,83.0,1.0,82.0,KR_minus_GR,94.74571799999103,2026-03-12T20:33:29Z,2026-03-12T20:35:03Z,results/raw/uniform_vs_heterogeneous_fixed_geometry_beta20_v1/run_20260312_202651/resolved_config.yaml,
1.0,uniform_vs_heterogeneous_fixed_geometry_beta20_v1,run_20260312_202651,uniform_trial_0006,uniform,baseline,6,uniform_fixed_repeated_eval_study,5,completed,,,1234,179703293,1551451119,70063062,,20.0,0.2,0.05,0.01,100,uniform,,,,,3.753984839780296,83.0,1.0,82.0,KR_minus_GR,94.83356920001097,2026-03-12T20:35:03Z,2026-03-12T20:36:38Z,results/raw/uniform_vs_heterogeneous_fixed_geometry_beta20_v1/run_20260312_202651/resolved_config.yaml,
1.0,uniform_vs_heterogeneous_fixed_geometry_beta20_v1,run_20260312_202651,uniform_trial_0007,uniform,baseline,7,uniform_fixed_repeated_eval_study,6,completed,,,1234,2805355882,2322789440,3662990142,,20.0,0.2,0.05,0.01,100,uniform,,,,,3.8191298170895083,85.0,1.0,84.0,KR_minus_GR,94.5108694001101,2026-03-12T20:36:38Z,2026-03-12T20:38:13Z,results/raw/uniform_vs_heterogeneous_fixed_geometry_beta20_v1/run_20260312_202651/resolved_config.yaml,
1.0,uniform_vs_heterogeneous_fixed_geometry_beta20_v1,run_20260312_202651,uniform_trial_0008,uniform,baseline,8,uniform_fixed_repeated_eval_study,7,completed,,,1234,2460328142,2068643734,1024837803,,20.0,0.2,0.05,0.01,100,uniform,,,,,3.1000709570579215,84.0,1.0,83.0,KR_minus_GR,94.93122790008783,2026-03-12T20:38:13Z,2026-03-12T20:39:48Z,results/raw/uniform_vs_heterogeneous_fixed_geometry_beta20_v1/run_20260312_202651/resolved_config.yaml,
1.0,uniform_vs_heterogeneous_fixed_geometry_beta20_v1,run_20260312_202651,uniform_trial_0009,uniform,baseline,9,uniform_fixed_repeated_eval_study,8,completed,,,1234,3325916966,2765497311,3455160601,,20.0,0.2,0.05,0.01,100,uniform,,,,,3.1886232941368107,85.0,1.0,84.0,KR_minus_GR,94.24302199995145,2026-03-12T20:39:48Z,2026-03-12T20:41:22Z,results/raw/uniform_vs_heterogeneous_fixed_geometry_beta20_v1/run_20260312_202651/resolved_config.yaml,
1.0,uniform_vs_heterogeneous_fixed_geometry_beta20_v1,run_20260312_202651,uniform_trial_0010,uniform,baseline,10,uniform_fixed_repeated_eval_study,9,completed,,,1234,2062181733,19946477,395502359,,20.0,0.2,0.05,0.01,100,uniform,,,,,3.947174712964957,85.0,1.0,84.0,KR_minus_GR,94.28257669997402,2026-03-12T20:41:22Z,2026-03-12T20:42:56Z,results/raw/uniform_vs_heterogeneous_fixed_geometry_beta20_v1/run_20260312_202651/resolved_config.yaml,
1.0,uniform_vs_heterogeneous_fixed_geometry_beta20_v1,run_20260312_202651,uniform_trial_0011,uniform,baseline,11,uniform_fixed_repeated_eval_study,10,completed,,,1234,3889524167,2871541344,2432510346,,20.0,0.2,0.05,0.01,100,uniform,,,,,3.4295001562419887,85.0,1.0,84.0,KR_minus_GR,94.61464970000088,2026-03-12T20:42:56Z,2026-03-12T20:44:31Z,results/raw/uniform_vs_heterogeneous_fixed_geometry_beta20_v1/run_20260312_202651/resolved_config.yaml,
1.0,uniform_vs_heterogeneous_fixed_geometry_beta20_v1,run_20260312_202651,uniform_trial_0012,uniform,baseline,12,uniform_fixed_repeated_eval_study,11,completed,,,1234,452309403,3707069204,831357229,,20.0,0.2,0.05,0.01,100,uniform,,,,,3.3175383386983293,84.0,1.0,83.0,KR_minus_GR,95.23066810006276,2026-03-12T20:44:31Z,2026-03-12T20:46:06Z,results/raw/uniform_vs_heterogeneous_fixed_geometry_beta20_v1/run_20260312_202651/resolved_config.yaml,
1.0,uniform_vs_heterogeneous_fixed_geometry_beta20_v1,run_20260312_202651,uniform_trial_0013,uniform,baseline,13,uniform_fixed_repeated_eval_study,12,completed,,,1234,668421800,3999175496,3842853753,,20.0,0.2,0.05,0.01,100,uniform,,,,,3.3431539778370567,83.0,1.0,82.0,KR_minus_GR,94.43913060007617,2026-03-12T20:46:06Z,2026-03-12T20:47:41Z,results/raw/uniform_vs_heterogeneous_fixed_geometry_beta20_v1/run_20260312_202651/resolved_config.yaml,
1.0,uniform_vs_heterogeneous_fixed_geometry_beta20_v1,run_20260312_202651,uniform_trial_0014,uniform,baseline,14,uniform_fixed_repeated_eval_study,13,completed,,,1234,2305360582,1468846896,1243802524,,20.0,0.2,0.05,0.01,100,uniform,,,,,4.971244941089767,83.0,1.0,82.0,KR_minus_GR,94.55150220007636,2026-03-12T20:47:41Z,2026-03-12T20:49:15Z,results/raw/uniform_vs_heterogeneous_fixed_geometry_beta20_v1/run_20260312_202651/resolved_config.yaml,
1.0,uniform_vs_heterogeneous_fixed_geometry_beta20_v1,run_20260312_202651,uniform_trial_0015,uniform,baseline,15,uniform_fixed_repeated_eval_study,14,completed,,,1234,189118787,4113984054,4223685873,,20.0,0.2,0.05,0.01,100,uniform,,,,,3.069267191356261,84.0,1.0,83.0,KR_minus_GR,94.92499409988523,2026-03-12T20:49:15Z,2026-03-12T20:50:50Z,results/raw/uniform_vs_heterogeneous_fixed_geometry_beta20_v1/run_20260312_202651/resolved_config.yaml,
1.0,uniform_vs_heterogeneous_fixed_geometry_beta20_v1,run_20260312_202651,uniform_trial_0016,uniform,baseline,16,uniform_fixed_repeated_eval_study,15,completed,,,1234,605368589,175334144,616042269,,20.0,0.2,0.05,0.01,100,uniform,,,,,3.145554804676685,84.0,1.0,83.0,KR_minus_GR,94.7784555000253,2026-03-12T20:50:50Z,2026-03-12T20:52:25Z,results/raw/uniform_vs_heterogeneous_fixed_geometry_beta20_v1/run_20260312_202651/resolved_config.yaml,
1.0,uniform_vs_heterogeneous_fixed_geometry_beta20_v1,run_20260312_202651,uniform_trial_0017,uniform,baseline,17,uniform_fixed_repeated_eval_study,16,completed,,,1234,1826046076,557605591,1238687422,,20.0,0.2,0.05,0.01,100,uniform,,,,,3.369284694519646,83.0,2.0,81.0,KR_minus_GR,94.73164330003783,2026-03-12T20:52:25Z,2026-03-12T20:54:00Z,results/raw/uniform_vs_heterogeneous_fixed_geometry_beta20_v1/run_20260312_202651/resolved_config.yaml,
1.0,uniform_vs_heterogeneous_fixed_geometry_beta20_v1,run_20260312_202651,uniform_trial_0018,uniform,baseline,18,uniform_fixed_repeated_eval_study,17,completed,,,1234,3009619013,938671435,927239024,,20.0,0.2,0.05,0.01,100,uniform,,,,,3.314027379024897,84.0,1.0,83.0,KR_minus_GR,94.66719259996898,2026-03-12T20:54:00Z,2026-03-12T20:55:34Z,results/raw/uniform_vs_heterogeneous_fixed_geometry_beta20_v1/run_20260312_202651/resolved_config.yaml,
1.0,uniform_vs_heterogeneous_fixed_geometry_beta20_v1,run_20260312_202651,uniform_trial_0019,uniform,baseline,19,uniform_fixed_repeated_eval_study,18,completed,,,1234,237351399,1210977696,2141634619,,20.0,0.2,0.05,0.01,100,uniform,,,,,3.570620251400058,83.0,2.0,81.0,KR_minus_GR,96.24830029997975,2026-03-12T20:55:34Z,2026-03-12T20:57:10Z,results/raw/uniform_vs_heterogeneous_fixed_geometry_beta20_v1/run_20260312_202651/resolved_config.yaml,
1.0,uniform_vs_heterogeneous_fixed_geometry_beta20_v1,run_20260312_202651,uniform_trial_0020,uniform,baseline,20,uniform_fixed_repeated_eval_study,19,completed,,,1234,4047112860,3942205508,2241205330,,20.0,0.2,0.05,0.01,100,uniform,,,,,3.75199433473363,84.0,1.0,83.0,KR_minus_GR,94.77078220015392,2026-03-12T20:57:10Z,2026-03-12T20:58:45Z,results/raw/uniform_vs_heterogeneous_fixed_geometry_beta20_v1/run_20260312_202651/resolved_config.yaml,
1.0,uniform_vs_heterogeneous_fixed_geometry_beta20_v1,run_20260312_202651,uniform_trial_0021,uniform,baseline,21,uniform_fixed_repeated_eval_study,20,completed,,,1234,3765831761,453943154,4058400097,,20.0,0.2,0.05,0.01,100,uniform,,,,,3.964358155341487,84.0,1.0,83.0,KR_minus_GR,94.45404110010713,2026-03-12T20:58:45Z,2026-03-12T21:00:20Z,results/raw/uniform_vs_heterogeneous_fixed_geometry_beta20_v1/run_20260312_202651/resolved_config.yaml,
1.0,uniform_vs_heterogeneous_fixed_geometry_beta20_v1,run_20260312_202651,uniform_trial_0022,uniform,baseline,22,uniform_fixed_repeated_eval_study,21,completed,,,1234,3036260179,4221242742,59428226,,20.0,0.2,0.05,0.01,100,uniform,,,,,3.035891655024109,84.0,1.0,83.0,KR_minus_GR,94.91415359987877,2026-03-12T21:00:20Z,2026-03-12T21:01:55Z,results/raw/uniform_vs_heterogeneous_fixed_geometry_beta20_v1/run_20260312_202651/resolved_config.yaml,
1.0,uniform_vs_heterogeneous_fixed_geometry_beta20_v1,run_20260312_202651,uniform_trial_0023,uniform,baseline,23,uniform_fixed_repeated_eval_study,22,completed,,,1234,3113989444,3824389528,1576213973,,20.0,0.2,0.05,0.01,100,uniform,,,,,3.736046402780814,82.0,1.0,81.0,KR_minus_GR,95.01808670000173,2026-03-12T21:01:55Z,2026-03-12T21:03:30Z,results/raw/uniform_vs_heterogeneous_fixed_geometry_beta20_v1/run_20260312_202651/resolved_config.yaml,
1.0,uniform_vs_heterogeneous_fixed_geometry_beta20_v1,run_20260312_202651,uniform_trial_0024,uniform,baseline,24,uniform_fixed_repeated_eval_study,23,completed,,,1234,4217300439,3572735969,4071653289,,20.0,0.2,0.05,0.01,100,uniform,,,,,3.178552486938668,85.0,1.0,84.0,KR_minus_GR,96.14922000002116,2026-03-12T21:03:30Z,2026-03-12T21:05:06Z,results/raw/uniform_vs_heterogeneous_fixed_geometry_beta20_v1/run_20260312_202651/resolved_config.yaml,
1.0,uniform_vs_heterogeneous_fixed_geometry_beta20_v1,run_20260312_202651,uniform_trial_0025,uniform,baseline,25,uniform_fixed_repeated_eval_study,24,completed,,,1234,2700710668,1370136298,795919880,,20.0,0.2,0.05,0.01,100,uniform,,,,,3.367978137040386,83.0,1.0,82.0,KR_minus_GR,95.41605779994279,2026-03-12T21:05:06Z,2026-03-12T21:06:41Z,results/raw/uniform_vs_heterogeneous_fixed_geometry_beta20_v1/run_20260312_202651/resolved_config.yaml,
1.0,uniform_vs_heterogeneous_fixed_geometry_beta20_v1,run_20260312_202651,uniform_trial_0026,uniform,baseline,26,uniform_fixed_repeated_eval_study,25,completed,,,1234,2372259935,1845547633,188974757,,20.0,0.2,0.05,0.01,100,uniform,,,,,3.2781581893603797,84.0,1.0,83.0,KR_minus_GR,94.38601429993287,2026-03-12T21:06:41Z,2026-03-12T21:08:16Z,results/raw/uniform_vs_heterogeneous_fixed_geometry_beta20_v1/run_20260312_202651/resolved_config.yaml,
1.0,uniform_vs_heterogeneous_fixed_geometry_beta20_v1,run_20260312_202651,uniform_trial_0027,uniform,baseline,27,uniform_fixed_repeated_eval_study,26,completed,,,1234,1354705353,382556722,1093921132,,20.0,0.2,0.05,0.01,100,uniform,,,,,3.4615831761047255,84.0,1.0,83.0,KR_minus_GR,94.38526260014623,2026-03-12T21:08:16Z,2026-03-12T21:09:50Z,results/raw/uniform_vs_heterogeneous_fixed_geometry_beta20_v1/run_20260312_202651/resolved_config.yaml,
1.0,uniform_vs_heterogeneous_fixed_geometry_beta20_v1,run_20260312_202651,uniform_trial_0028,uniform,baseline,28,uniform_fixed_repeated_eval_study,27,completed,,,1234,1375429603,3387613955,264960823,,20.0,0.2,0.05,0.01,100,uniform,,,,,3.7023376890380506,84.0,1.0,83.0,KR_minus_GR,94.78551010019146,2026-03-12T21:09:50Z,2026-03-12T21:11:25Z,results/raw/uniform_vs_heterogeneous_fixed_geometry_beta20_v1/run_20260312_202651/resolved_config.yaml,
1.0,uniform_vs_heterogeneous_fixed_geometry_beta20_v1,run_20260312_202651,uniform_trial_0029,uniform,baseline,29,uniform_fixed_repeated_eval_study,28,completed,,,1234,3707171669,1296848401,1410070937,,20.0,0.2,0.05,0.01,100,uniform,,,,,3.816185791524405,83.0,1.0,82.0,KR_minus_GR,96.11333850002848,2026-03-12T21:11:25Z,2026-03-12T21:13:01Z,results/raw/uniform_vs_heterogeneous_fixed_geometry_beta20_v1/run_20260312_202651/resolved_config.yaml,
1.0,uniform_vs_heterogeneous_fixed_geometry_beta20_v1,run_20260312_202651,uniform_trial_0030,uniform,baseline,30,uniform_fixed_repeated_eval_study,29,completed,,,1234,2024807512,937132265,1312250553,,20.0,0.2,0.05,0.01,100,uniform,,,,,3.2349315764418343,83.0,1.0,82.0,KR_minus_GR,94.66446939995512,2026-03-12T21:13:01Z,2026-03-12T21:14:36Z,results/raw/uniform_vs_heterogeneous_fixed_geometry_beta20_v1/run_20260312_202651/resolved_config.yaml,
1.0,uniform_vs_heterogeneous_fixed_geometry_beta20_v1,run_20260312_202651,uniform_trial_0031,uniform,baseline,31,uniform_fixed_repeated_eval_study,30,completed,,,1234,1445528101,3352435901,2276593719,,20.0,0.2,0.05,0.01,100,uniform,,,,,3.649212597475351,83.0,1.0,82.0,KR_minus_GR,94.99461769987829,2026-03-12T21:14:36Z,2026-03-12T21:16:11Z,results/raw/uniform_vs_heterogeneous_fixed_geometry_beta20_v1/run_20260312_202651/resolved_config.yaml,
1.0,uniform_vs_heterogeneous_fixed_geometry_beta20_v1,run_20260312_202651,uniform_trial_0032,uniform,baseline,32,uniform_fixed_repeated_eval_study,31,completed,,,1234,1313023725,4130169618,1111877750,,20.0,0.2,0.05,0.01,100,uniform,,,,,3.509716900699622,84.0,1.0,83.0,KR_minus_GR,95.26443059998564,2026-03-12T21:16:11Z,2026-03-12T21:17:46Z,results/raw/uniform_vs_heterogeneous_fixed_geometry_beta20_v1/run_20260312_202651/resolved_config.yaml,
1.0,uniform_vs_heterogeneous_fixed_geometry_beta20_v1,run_20260312_202651,uniform_trial_0033,uniform,baseline,33,uniform_fixed_repeated_eval_study,32,completed,,,1234,4229164554,1298770282,1321755146,,20.0,0.2,0.05,0.01,100,uniform,,,,,3.218352014323343,83.0,1.0,82.0,KR_minus_GR,95.28380730003119,2026-03-12T21:17:46Z,2026-03-12T21:19:21Z,results/raw/uniform_vs_heterogeneous_fixed_geometry_beta20_v1/run_20260312_202651/resolved_config.yaml,
1.0,uniform_vs_heterogeneous_fixed_geometry_beta20_v1,run_20260312_202651,uniform_trial_0034,uniform,baseline,34,uniform_fixed_repeated_eval_study,33,completed,,,1234,2401858022,856246993,1058288971,,20.0,0.2,0.05,0.01,100,uniform,,,,,3.7308244195471625,84.0,1.0,83.0,KR_minus_GR,94.71389720006846,2026-03-12T21:19:21Z,2026-03-12T21:20:56Z,results/raw/uniform_vs_heterogeneous_fixed_geometry_beta20_v1/run_20260312_202651/resolved_config.yaml,
1.0,uniform_vs_heterogeneous_fixed_geometry_beta20_v1,run_20260312_202651,uniform_trial_0035,uniform,baseline,35,uniform_fixed_repeated_eval_study,34,completed,,,1234,3834453954,296651262,3644140888,,20.0,0.2,0.05,0.01,100,uniform,,,,,4.257837742065329,84.0,1.0,83.0,KR_minus_GR,95.34344980004244,2026-03-12T21:20:56Z,2026-03-12T21:22:31Z,results/raw/uniform_vs_heterogeneous_fixed_geometry_beta20_v1/run_20260312_202651/resolved_config.yaml,
1.0,uniform_vs_heterogeneous_fixed_geometry_beta20_v1,run_20260312_202651,uniform_trial_0036,uniform,baseline,36,uniform_fixed_repeated_eval_study,35,completed,,,1234,3183532410,1468762898,1304199355,,20.0,0.2,0.05,0.01,100,uniform,,,,,2.9337055318674468,85.0,1.0,84.0,KR_minus_GR,95.751861799974,2026-03-12T21:22:31Z,2026-03-12T21:24:07Z,results/raw/uniform_vs_heterogeneous_fixed_geometry_beta20_v1/run_20260312_202651/resolved_config.yaml,
1.0,uniform_vs_heterogeneous_fixed_geometry_beta20_v1,run_20260312_202651,uniform_trial_0037,uniform,baseline,37,uniform_fixed_repeated_eval_study,36,completed,,,1234,927394613,2355584496,499674666,,20.0,0.2,0.05,0.01,100,uniform,,,,,4.001154783277325,84.0,1.0,83.0,KR_minus_GR,94.7731665999163,2026-03-12T21:24:07Z,2026-03-12T21:25:42Z,results/raw/uniform_vs_heterogeneous_fixed_geometry_beta20_v1/run_20260312_202651/resolved_config.yaml,
1.0,uniform_vs_heterogeneous_fixed_geometry_beta20_v1,run_20260312_202651,uniform_trial_0038,uniform,baseline,38,uniform_fixed_repeated_eval_study,37,completed,,,1234,3600242472,3918123394,2399747566,,20.0,0.2,0.05,0.01,100,uniform,,,,,2.740539871910059,84.0,1.0,83.0,KR_minus_GR,94.44454029994085,2026-03-12T21:25:42Z,2026-03-12T21:27:16Z,results/raw/uniform_vs_heterogeneous_fixed_geometry_beta20_v1/run_20260312_202651/resolved_config.yaml,
1.0,uniform_vs_heterogeneous_fixed_geometry_beta20_v1,run_20260312_202651,uniform_trial_0039,uniform,baseline,39,uniform_fixed_repeated_eval_study,38,completed,,,1234,2577270830,537300897,2951593493,,20.0,0.2,0.05,0.01,100,uniform,,,,,3.6207594115217048,83.0,1.0,82.0,KR_minus_GR,94.64453079993837,2026-03-12T21:27:16Z,2026-03-12T21:28:51Z,results/raw/uniform_vs_heterogeneous_fixed_geometry_beta20_v1/run_20260312_202651/resolved_config.yaml,
1.0,uniform_vs_heterogeneous_fixed_geometry_beta20_v1,run_20260312_202651,uniform_trial_0040,uniform,baseline,40,uniform_fixed_repeated_eval_study,39,completed,,,1234,1420820918,1490861350,2832292544,,20.0,0.2,0.05,0.01,100,uniform,,,,,2.8358779782744064,84.0,1.0,83.0,KR_minus_GR,94.92961790016852,2026-03-12T21:28:51Z,2026-03-12T21:30:26Z,results/raw/uniform_vs_heterogeneous_fixed_geometry_beta20_v1/run_20260312_202651/resolved_config.yaml,
1.0,uniform_vs_heterogeneous_fixed_geometry_beta20_v1,run_20260312_202651,uniform_trial_0041,uniform,baseline,41,uniform_fixed_repeated_eval_study,40,completed,,,1234,3957141978,1402033126,2116992831,,20.0,0.2,0.05,0.01,100,uniform,,,,,3.402824118342877,81.0,1.0,80.0,KR_minus_GR,96.30312489997596,2026-03-12T21:30:26Z,2026-03-12T21:32:02Z,results/raw/uniform_vs_heterogeneous_fixed_geometry_beta20_v1/run_20260312_202651/resolved_config.yaml,
1.0,uniform_vs_heterogeneous_fixed_geometry_beta20_v1,run_20260312_202651,uniform_trial_0042,uniform,baseline,42,uniform_fixed_repeated_eval_study,41,completed,,,1234,3094094266,1456418484,285772925,,20.0,0.2,0.05,0.01,100,uniform,,,,,2.604807010300294,83.0,1.0,82.0,KR_minus_GR,95.70918000000529,2026-03-12T21:32:02Z,2026-03-12T21:33:38Z,results/raw/uniform_vs_heterogeneous_fixed_geometry_beta20_v1/run_20260312_202651/resolved_config.yaml,
1.0,uniform_vs_heterogeneous_fixed_geometry_beta20_v1,run_20260312_202651,uniform_trial_0043,uniform,baseline,43,uniform_fixed_repeated_eval_study,42,completed,,,1234,143221476,3522373738,166945228,,20.0,0.2,0.05,0.01,100,uniform,,,,,3.19384055850064,82.0,1.0,81.0,KR_minus_GR,94.37383799999952,2026-03-12T21:33:38Z,2026-03-12T21:35:12Z,results/raw/uniform_vs_heterogeneous_fixed_geometry_beta20_v1/run_20260312_202651/resolved_config.yaml,
1.0,uniform_vs_heterogeneous_fixed_geometry_beta20_v1,run_20260312_202651,uniform_trial_0044,uniform,baseline,44,uniform_fixed_repeated_eval_study,43,completed,,,1234,2800921276,3599425736,1020736544,,20.0,0.2,0.05,0.01,100,uniform,,,,,3.4509427585281855,84.0,1.0,83.0,KR_minus_GR,94.61578399990685,2026-03-12T21:35:12Z,2026-03-12T21:36:47Z,results/raw/uniform_vs_heterogeneous_fixed_geometry_beta20_v1/run_20260312_202651/resolved_config.yaml,
1.0,uniform_vs_heterogeneous_fixed_geometry_beta20_v1,run_20260312_202651,uniform_trial_0045,uniform,baseline,45,uniform_fixed_repeated_eval_study,44,completed,,,1234,3041890699,71185804,3253214553,,20.0,0.2,0.05,0.01,100,uniform,,,,,3.451352909165658,84.0,1.0,83.0,KR_minus_GR,94.60468730004504,2026-03-12T21:36:47Z,2026-03-12T21:38:21Z,results/raw/uniform_vs_heterogeneous_fixed_geometry_beta20_v1/run_20260312_202651/resolved_config.yaml,
1.0,uniform_vs_heterogeneous_fixed_geometry_beta20_v1,run_20260312_202651,uniform_trial_0046,uniform,baseline,46,uniform_fixed_repeated_eval_study,45,completed,,,1234,3787580063,333707988,1675101893,,20.0,0.2,0.05,0.01,100,uniform,,,,,3.487737802254639,84.0,1.0,83.0,KR_minus_GR,95.51805559988134,2026-03-12T21:38:21Z,2026-03-12T21:39:57Z,results/raw/uniform_vs_heterogeneous_fixed_geometry_beta20_v1/run_20260312_202651/resolved_config.yaml,
1.0,uniform_vs_heterogeneous_fixed_geometry_beta20_v1,run_20260312_202651,uniform_trial_0047,uniform,baseline,47,uniform_fixed_repeated_eval_study,46,completed,,,1234,1462971788,2308058830,1424979100,,20.0,0.2,0.05,0.01,100,uniform,,,,,3.4865940367605717,84.0,1.0,83.0,KR_minus_GR,94.78157559991814,2026-03-12T21:39:57Z,2026-03-12T21:41:32Z,results/raw/uniform_vs_heterogeneous_fixed_geometry_beta20_v1/run_20260312_202651/resolved_config.yaml,
1.0,uniform_vs_heterogeneous_fixed_geometry_beta20_v1,run_20260312_202651,uniform_trial_0048,uniform,baseline,48,uniform_fixed_repeated_eval_study,47,completed,,,1234,191790226,1080830424,2348808639,,20.0,0.2,0.05,0.01,100,uniform,,,,,3.318089581168376,85.0,1.0,84.0,KR_minus_GR,94.6680376001168,2026-03-12T21:41:32Z,2026-03-12T21:43:06Z,results/raw/uniform_vs_heterogeneous_fixed_geometry_beta20_v1/run_20260312_202651/resolved_config.yaml,
1.0,uniform_vs_heterogeneous_fixed_geometry_beta20_v1,run_20260312_202651,uniform_trial_0049,uniform,baseline,49,uniform_fixed_repeated_eval_study,48,completed,,,1234,55582261,2569570656,4153761912,,20.0,0.2,0.05,0.01,100,uniform,,,,,3.6865369217558484,84.0,1.0,83.0,KR_minus_GR,94.69724580016918,2026-03-12T21:43:06Z,2026-03-12T21:44:41Z,results/raw/uniform_vs_heterogeneous_fixed_geometry_beta20_v1/run_20260312_202651/resolved_config.yaml,
1.0,uniform_vs_heterogeneous_fixed_geometry_beta20_v1,run_20260312_202651,uniform_trial_0050,uniform,baseline,50,uniform_fixed_repeated_eval_study,49,completed,,,1234,73488429,2188502216,853816571,,20.0,0.2,0.05,0.01,100,uniform,,,,,3.520655731606322,85.0,1.0,84.0,KR_minus_GR,95.04187899990939,2026-03-12T21:44:41Z,2026-03-12T21:46:16Z,results/raw/uniform_vs_heterogeneous_fixed_geometry_beta20_v1/run_20260312_202651/resolved_config.yaml,
1.0,uniform_vs_heterogeneous_fixed_geometry_beta20_v1,run_20260312_202651,uniform_trial_0051,uniform,baseline,51,uniform_fixed_repeated_eval_study,50,completed,,,1234,1547551078,572562406,3105203998,,20.0,0.2,0.05,0.01,100,uniform,,,,,4.163614993872848,84.0,1.0,83.0,KR_minus_GR,94.79496590001509,2026-03-12T21:46:16Z,2026-03-12T21:47:51Z,results/raw/uniform_vs_heterogeneous_fixed_geometry_beta20_v1/run_20260312_202651/resolved_config.yaml,
1.0,uniform_vs_heterogeneous_fixed_geometry_beta20_v1,run_20260312_202651,uniform_trial_0052,uniform,baseline,52,uniform_fixed_repeated_eval_study,51,completed,,,1234,3484527561,2104079072,1223335541,,20.0,0.2,0.05,0.01,100,uniform,,,,,3.8374212361779634,85.0,1.0,84.0,KR_minus_GR,95.30376260005869,2026-03-12T21:47:51Z,2026-03-12T21:49:26Z,results/raw/uniform_vs_heterogeneous_fixed_geometry_beta20_v1/run_20260312_202651/resolved_config.yaml,
1.0,uniform_vs_heterogeneous_fixed_geometry_beta20_v1,run_20260312_202651,uniform_trial_0053,uniform,baseline,53,uniform_fixed_repeated_eval_study,52,completed,,,1234,1476755226,497433834,2373642169,,20.0,0.2,0.05,0.01,100,uniform,,,,,4.30196351931405,84.0,1.0,83.0,KR_minus_GR,95.56064699986018,2026-03-12T21:49:26Z,2026-03-12T21:51:02Z,results/raw/uniform_vs_heterogeneous_fixed_geometry_beta20_v1/run_20260312_202651/resolved_config.yaml,
1.0,uniform_vs_heterogeneous_fixed_geometry_beta20_v1,run_20260312_202651,uniform_trial_0054,uniform,baseline,54,uniform_fixed_repeated_eval_study,53,completed,,,1234,4025907216,17382359,1020437556,,20.0,0.2,0.05,0.01,100,uniform,,,,,3.5704842526742215,83.0,1.0,82.0,KR_minus_GR,94.61166099994443,2026-03-12T21:51:02Z,2026-03-12T21:52:36Z,results/raw/uniform_vs_heterogeneous_fixed_geometry_beta20_v1/run_20260312_202651/resolved_config.yaml,
1.0,uniform_vs_heterogeneous_fixed_geometry_beta20_v1,run_20260312_202651,uniform_trial_0055,uniform,baseline,55,uniform_fixed_repeated_eval_study,54,completed,,,1234,1517353707,1210608407,3147550301,,20.0,0.2,0.05,0.01,100,uniform,,,,,3.5145536013467362,85.0,1.0,84.0,KR_minus_GR,94.62247810000554,2026-03-12T21:52:36Z,2026-03-12T21:54:11Z,results/raw/uniform_vs_heterogeneous_fixed_geometry_beta20_v1/run_20260312_202651/resolved_config.yaml,
1.0,uniform_vs_heterogeneous_fixed_geometry_beta20_v1,run_20260312_202651,uniform_trial_0056,uniform,baseline,56,uniform_fixed_repeated_eval_study,55,completed,,,1234,1882758880,3469782786,3984869736,,20.0,0.2,0.05,0.01,100,uniform,,,,,3.697871567786796,85.0,1.0,84.0,KR_minus_GR,94.72704780008644,2026-03-12T21:54:11Z,2026-03-12T21:55:46Z,results/raw/uniform_vs_heterogeneous_fixed_geometry_beta20_v1/run_20260312_202651/resolved_config.yaml,
1.0,uniform_vs_heterogeneous_fixed_geometry_beta20_v1,run_20260312_202651,uniform_trial_0057,uniform,baseline,57,uniform_fixed_repeated_eval_study,56,completed,,,1234,905975224,3291811049,1706802912,,20.0,0.2,0.05,0.01,100,uniform,,,,,3.3081033220158758,83.0,1.0,82.0,KR_minus_GR,94.68025980005041,2026-03-12T21:55:46Z,2026-03-12T21:57:20Z,results/raw/uniform_vs_heterogeneous_fixed_geometry_beta20_v1/run_20260312_202651/resolved_config.yaml,
1.0,uniform_vs_heterogeneous_fixed_geometry_beta20_v1,run_20260312_202651,uniform_trial_0058,uniform,baseline,58,uniform_fixed_repeated_eval_study,57,completed,,,1234,3573636365,107195481,3024500471,,20.0,0.2,0.05,0.01,100,uniform,,,,,3.90540216232935,82.0,1.0,81.0,KR_minus_GR,96.08264010003768,2026-03-12T21:57:20Z,2026-03-12T21:58:56Z,results/raw/uniform_vs_heterogeneous_fixed_geometry_beta20_v1/run_20260312_202651/resolved_config.yaml,
1.0,uniform_vs_heterogeneous_fixed_geometry_beta20_v1,run_20260312_202651,uniform_trial_0059,uniform,baseline,59,uniform_fixed_repeated_eval_study,58,completed,,,1234,1581401485,2472184255,3517016532,,20.0,0.2,0.05,0.01,100,uniform,,,,,3.4155076580685373,84.0,1.0,83.0,KR_minus_GR,95.29407229996286,2026-03-12T21:58:56Z,2026-03-12T22:00:32Z,results/raw/uniform_vs_heterogeneous_fixed_geometry_beta20_v1/run_20260312_202651/resolved_config.yaml,
1.0,uniform_vs_heterogeneous_fixed_geometry_beta20_v1,run_20260312_202651,uniform_trial_0060,uniform,baseline,60,uniform_fixed_repeated_eval_study,59,completed,,,1234,2868004845,251133660,36066624,,20.0,0.2,0.05,0.01,100,uniform,,,,,3.879640724937208,85.0,1.0,84.0,KR_minus_GR,94.6189187001437,2026-03-12T22:00:32Z,2026-03-12T22:02:06Z,results/raw/uniform_vs_heterogeneous_fixed_geometry_beta20_v1/run_20260312_202651/resolved_config.yaml,
1.0,uniform_vs_heterogeneous_fixed_geometry_beta20_v1,run_20260312_202651,uniform_trial_0061,uniform,baseline,61,uniform_fixed_repeated_eval_study,60,completed,,,1234,513645301,2846801004,2556637871,,20.0,0.2,0.05,0.01,100,uniform,,,,,3.4911531855866995,85.0,1.0,84.0,KR_minus_GR,94.31625170004554,2026-03-12T22:02:06Z,2026-03-12T22:03:41Z,results/raw/uniform_vs_heterogeneous_fixed_geometry_beta20_v1/run_20260312_202651/resolved_config.yaml,
1.0,uniform_vs_heterogeneous_fixed_geometry_beta20_v1,run_20260312_202651,uniform_trial_0062,uniform,baseline,62,uniform_fixed_repeated_eval_study,61,completed,,,1234,174020877,3431559403,4229362731,,20.0,0.2,0.05,0.01,100,uniform,,,,,3.8487618674675534,84.0,1.0,83.0,KR_minus_GR,94.55365660018288,2026-03-12T22:03:41Z,2026-03-12T22:05:15Z,results/raw/uniform_vs_heterogeneous_fixed_geometry_beta20_v1/run_20260312_202651/resolved_config.yaml,
1.0,uniform_vs_heterogeneous_fixed_geometry_beta20_v1,run_20260312_202651,uniform_trial_0063,uniform,baseline,63,uniform_fixed_repeated_eval_study,62,completed,,,1234,2259332253,1082279592,2367113610,,20.0,0.2,0.05,0.01,100,uniform,,,,,3.3848421427718374,85.0,1.0,84.0,KR_minus_GR,95.34788410016336,2026-03-12T22:05:15Z,2026-03-12T22:06:51Z,results/raw/uniform_vs_heterogeneous_fixed_geometry_beta20_v1/run_20260312_202651/resolved_config.yaml,
1.0,uniform_vs_heterogeneous_fixed_geometry_beta20_v1,run_20260312_202651,uniform_trial_0064,uniform,baseline,64,uniform_fixed_repeated_eval_study,63,completed,,,1234,253546625,1968806255,2683676010,,20.0,0.2,0.05,0.01,100,uniform,,,,,3.3496870358673387,84.0,1.0,83.0,KR_minus_GR,94.82391199981794,2026-03-12T22:06:51Z,2026-03-12T22:08:25Z,results/raw/uniform_vs_heterogeneous_fixed_geometry_beta20_v1/run_20260312_202651/resolved_config.yaml,
1.0,uniform_vs_heterogeneous_fixed_geometry_beta20_v1,run_20260312_202651,uniform_trial_0065,uniform,baseline,65,uniform_fixed_repeated_eval_study,64,completed,,,1234,4278969873,2152007623,410513928,,20.0,0.2,0.05,0.01,100,uniform,,,,,3.5670625935203177,83.0,1.0,82.0,KR_minus_GR,94.74062329996377,2026-03-12T22:08:25Z,2026-03-12T22:10:00Z,results/raw/uniform_vs_heterogeneous_fixed_geometry_beta20_v1/run_20260312_202651/resolved_config.yaml,
1.0,uniform_vs_heterogeneous_fixed_geometry_beta20_v1,run_20260312_202651,uniform_trial_0066,uniform,baseline,66,uniform_fixed_repeated_eval_study,65,completed,,,1234,1647372712,3489178717,1189788934,,20.0,0.2,0.05,0.01,100,uniform,,,,,3.30256736792915,85.0,1.0,84.0,KR_minus_GR,94.45485790004022,2026-03-12T22:10:00Z,2026-03-12T22:11:35Z,results/raw/uniform_vs_heterogeneous_fixed_geometry_beta20_v1/run_20260312_202651/resolved_config.yaml,
1.0,uniform_vs_heterogeneous_fixed_geometry_beta20_v1,run_20260312_202651,uniform_trial_0067,uniform,baseline,67,uniform_fixed_repeated_eval_study,66,completed,,,1234,2679898138,1747329304,2343610685,,20.0,0.2,0.05,0.01,100,uniform,,,,,3.301085188866006,84.0,1.0,83.0,KR_minus_GR,94.94881840003654,2026-03-12T22:11:35Z,2026-03-12T22:13:10Z,results/raw/uniform_vs_heterogeneous_fixed_geometry_beta20_v1/run_20260312_202651/resolved_config.yaml,
1.0,uniform_vs_heterogeneous_fixed_geometry_beta20_v1,run_20260312_202651,uniform_trial_0068,uniform,baseline,68,uniform_fixed_repeated_eval_study,67,completed,,,1234,4093608084,338058906,1633559841,,20.0,0.2,0.05,0.01,100,uniform,,,,,2.794281216958871,84.0,1.0,83.0,KR_minus_GR,94.52352749998681,2026-03-12T22:13:10Z,2026-03-12T22:14:44Z,results/raw/uniform_vs_heterogeneous_fixed_geometry_beta20_v1/run_20260312_202651/resolved_config.yaml,
1.0,uniform_vs_heterogeneous_fixed_geometry_beta20_v1,run_20260312_202651,uniform_trial_0069,uniform,baseline,69,uniform_fixed_repeated_eval_study,68,completed,,,1234,1413798922,264653010,1372847230,,20.0,0.2,0.05,0.01,100,uniform,,,,,3.0386784084438982,84.0,1.0,83.0,KR_minus_GR,95.27263369993307,2026-03-12T22:14:44Z,2026-03-12T22:16:19Z,results/raw/uniform_vs_heterogeneous_fixed_geometry_beta20_v1/run_20260312_202651/resolved_config.yaml,
1.0,uniform_vs_heterogeneous_fixed_geometry_beta20_v1,run_20260312_202651,uniform_trial_0070,uniform,baseline,70,uniform_fixed_repeated_eval_study,69,completed,,,1234,3676883672,472069572,2653129420,,20.0,0.2,0.05,0.01,100,uniform,,,,,2.8082728988431906,85.0,1.0,84.0,KR_minus_GR,95.83428369998,2026-03-12T22:16:19Z,2026-03-12T22:17:55Z,results/raw/uniform_vs_heterogeneous_fixed_geometry_beta20_v1/run_20260312_202651/resolved_config.yaml,
1.0,uniform_vs_heterogeneous_fixed_geometry_beta20_v1,run_20260312_202651,uniform_trial_0071,uniform,baseline,71,uniform_fixed_repeated_eval_study,70,completed,,,1234,4272620647,155211808,3962543378,,20.0,0.2,0.05,0.01,100,uniform,,,,,3.2034369781544374,85.0,1.0,84.0,KR_minus_GR,94.85758069995791,2026-03-12T22:17:55Z,2026-03-12T22:19:30Z,results/raw/uniform_vs_heterogeneous_fixed_geometry_beta20_v1/run_20260312_202651/resolved_config.yaml,
1.0,uniform_vs_heterogeneous_fixed_geometry_beta20_v1,run_20260312_202651,uniform_trial_0072,uniform,baseline,72,uniform_fixed_repeated_eval_study,71,completed,,,1234,2971480204,1808402,4024310183,,20.0,0.2,0.05,0.01,100,uniform,,,,,3.2119519470707933,84.0,1.0,83.0,KR_minus_GR,94.27448239992373,2026-03-12T22:19:30Z,2026-03-12T22:21:04Z,results/raw/uniform_vs_heterogeneous_fixed_geometry_beta20_v1/run_20260312_202651/resolved_config.yaml,
1.0,uniform_vs_heterogeneous_fixed_geometry_beta20_v1,run_20260312_202651,uniform_trial_0073,uniform,baseline,73,uniform_fixed_repeated_eval_study,72,completed,,,1234,1455852658,3455280498,771374988,,20.0,0.2,0.05,0.01,100,uniform,,,,,3.158582351912698,83.0,1.0,82.0,KR_minus_GR,94.46149179991335,2026-03-12T22:21:04Z,2026-03-12T22:22:39Z,results/raw/uniform_vs_heterogeneous_fixed_geometry_beta20_v1/run_20260312_202651/resolved_config.yaml,
1.0,uniform_vs_heterogeneous_fixed_geometry_beta20_v1,run_20260312_202651,uniform_trial_0074,uniform,baseline,74,uniform_fixed_repeated_eval_study,73,completed,,,1234,4212011318,923073184,2315752950,,20.0,0.2,0.05,0.01,100,uniform,,,,,3.8342195904427037,83.0,1.0,82.0,KR_minus_GR,94.93974740011618,2026-03-12T22:22:39Z,2026-03-12T22:24:14Z,results/raw/uniform_vs_heterogeneous_fixed_geometry_beta20_v1/run_20260312_202651/resolved_config.yaml,
1.0,uniform_vs_heterogeneous_fixed_geometry_beta20_v1,run_20260312_202651,uniform_trial_0075,uniform,baseline,75,uniform_fixed_repeated_eval_study,74,completed,,,1234,3250956818,500307689,3909804987,,20.0,0.2,0.05,0.01,100,uniform,,,,,3.9641536240937185,82.0,1.0,81.0,KR_minus_GR,95.61708760005422,2026-03-12T22:24:14Z,2026-03-12T22:25:49Z,results/raw/uniform_vs_heterogeneous_fixed_geometry_beta20_v1/run_20260312_202651/resolved_config.yaml,
1.0,uniform_vs_heterogeneous_fixed_geometry_beta20_v1,run_20260312_202651,uniform_trial_0076,uniform,baseline,76,uniform_fixed_repeated_eval_study,75,completed,,,1234,4009243490,938767656,2468959002,,20.0,0.2,0.05,0.01,100,uniform,,,,,3.723482699271459,85.0,1.0,84.0,KR_minus_GR,95.68351130001247,2026-03-12T22:25:49Z,2026-03-12T22:27:25Z,results/raw/uniform_vs_heterogeneous_fixed_geometry_beta20_v1/run_20260312_202651/resolved_config.yaml,
1.0,uniform_vs_heterogeneous_fixed_geometry_beta20_v1,run_20260312_202651,uniform_trial_0077,uniform,baseline,77,uniform_fixed_repeated_eval_study,76,completed,,,1234,2478520289,4220177456,996202646,,20.0,0.2,0.05,0.01,100,uniform,,,,,3.6636766880792333,84.0,1.0,83.0,KR_minus_GR,94.05613260017708,2026-03-12T22:27:25Z,2026-03-12T22:28:59Z,results/raw/uniform_vs_heterogeneous_fixed_geometry_beta20_v1/run_20260312_202651/resolved_config.yaml,
1.0,uniform_vs_heterogeneous_fixed_geometry_beta20_v1,run_20260312_202651,uniform_trial_0078,uniform,baseline,78,uniform_fixed_repeated_eval_study,77,completed,,,1234,2049787379,3972854143,3312281096,,20.0,0.2,0.05,0.01,100,uniform,,,,,3.0267855274130806,84.0,1.0,83.0,KR_minus_GR,94.50641470006667,2026-03-12T22:28:59Z,2026-03-12T22:30:34Z,results/raw/uniform_vs_heterogeneous_fixed_geometry_beta20_v1/run_20260312_202651/resolved_config.yaml,
1.0,uniform_vs_heterogeneous_fixed_geometry_beta20_v1,run_20260312_202651,uniform_trial_0079,uniform,baseline,79,uniform_fixed_repeated_eval_study,78,completed,,,1234,2679047542,2794304508,4034241862,,20.0,0.2,0.05,0.01,100,uniform,,,,,3.4579453196724255,83.0,1.0,82.0,KR_minus_GR,94.38735709991306,2026-03-12T22:30:34Z,2026-03-12T22:32:08Z,results/raw/uniform_vs_heterogeneous_fixed_geometry_beta20_v1/run_20260312_202651/resolved_config.yaml,
1.0,uniform_vs_heterogeneous_fixed_geometry_beta20_v1,run_20260312_202651,uniform_trial_0080,uniform,baseline,80,uniform_fixed_repeated_eval_study,79,completed,,,1234,2179662541,2994650148,3716445955,,20.0,0.2,0.05,0.01,100,uniform,,,,,3.5830689603032813,84.0,1.0,83.0,KR_minus_GR,95.79573829984292,2026-03-12T22:32:08Z,2026-03-12T22:33:44Z,results/raw/uniform_vs_heterogeneous_fixed_geometry_beta20_v1/run_20260312_202651/resolved_config.yaml,
1.0,uniform_vs_heterogeneous_fixed_geometry_beta20_v1,run_20260312_202651,uniform_trial_0081,uniform,baseline,81,uniform_fixed_repeated_eval_study,80,completed,,,1234,3439477856,3023121304,3454159189,,20.0,0.2,0.05,0.01,100,uniform,,,,,3.429859294049191,85.0,1.0,84.0,KR_minus_GR,94.52283350005746,2026-03-12T22:33:44Z,2026-03-12T22:35:18Z,results/raw/uniform_vs_heterogeneous_fixed_geometry_beta20_v1/run_20260312_202651/resolved_config.yaml,
1.0,uniform_vs_heterogeneous_fixed_geometry_beta20_v1,run_20260312_202651,uniform_trial_0082,uniform,baseline,82,uniform_fixed_repeated_eval_study,81,completed,,,1234,4194562065,529601777,3449086551,,20.0,0.2,0.05,0.01,100,uniform,,,,,3.972240954623668,84.0,1.0,83.0,KR_minus_GR,94.83964339992963,2026-03-12T22:35:18Z,2026-03-12T22:36:53Z,results/raw/uniform_vs_heterogeneous_fixed_geometry_beta20_v1/run_20260312_202651/resolved_config.yaml,
1.0,uniform_vs_heterogeneous_fixed_geometry_beta20_v1,run_20260312_202651,uniform_trial_0083,uniform,baseline,83,uniform_fixed_repeated_eval_study,82,completed,,,1234,1847766900,3094321534,1502109238,,20.0,0.2,0.05,0.01,100,uniform,,,,,2.883031849196402,85.0,1.0,84.0,KR_minus_GR,94.97716620005667,2026-03-12T22:36:53Z,2026-03-12T22:38:28Z,results/raw/uniform_vs_heterogeneous_fixed_geometry_beta20_v1/run_20260312_202651/resolved_config.yaml,
1.0,uniform_vs_heterogeneous_fixed_geometry_beta20_v1,run_20260312_202651,uniform_trial_0084,uniform,baseline,84,uniform_fixed_repeated_eval_study,83,completed,,,1234,2036310296,2429204099,1470136306,,20.0,0.2,0.05,0.01,100,uniform,,,,,3.689744872876337,82.0,1.0,81.0,KR_minus_GR,95.02855710010044,2026-03-12T22:38:28Z,2026-03-12T22:40:03Z,results/raw/uniform_vs_heterogeneous_fixed_geometry_beta20_v1/run_20260312_202651/resolved_config.yaml,
1.0,uniform_vs_heterogeneous_fixed_geometry_beta20_v1,run_20260312_202651,uniform_trial_0085,uniform,baseline,85,uniform_fixed_repeated_eval_study,84,completed,,,1234,603968010,2309504150,3163265949,,20.0,0.2,0.05,0.01,100,uniform,,,,,3.879314680206901,85.0,1.0,84.0,KR_minus_GR,95.0637363998685,2026-03-12T22:40:03Z,2026-03-12T22:41:38Z,results/raw/uniform_vs_heterogeneous_fixed_geometry_beta20_v1/run_20260312_202651/resolved_config.yaml,
1.0,uniform_vs_heterogeneous_fixed_geometry_beta20_v1,run_20260312_202651,uniform_trial_0086,uniform,baseline,86,uniform_fixed_repeated_eval_study,85,completed,,,1234,3259007777,2458671650,1836306224,,20.0,0.2,0.05,0.01,100,uniform,,,,,4.106012070513332,81.0,1.0,80.0,KR_minus_GR,94.64599140011705,2026-03-12T22:41:38Z,2026-03-12T22:43:13Z,results/raw/uniform_vs_heterogeneous_fixed_geometry_beta20_v1/run_20260312_202651/resolved_config.yaml,
1.0,uniform_vs_heterogeneous_fixed_geometry_beta20_v1,run_20260312_202651,uniform_trial_0087,uniform,baseline,87,uniform_fixed_repeated_eval_study,86,completed,,,1234,1079561905,169347721,4175389733,,20.0,0.2,0.05,0.01,100,uniform,,,,,3.6567450711019878,84.0,1.0,83.0,KR_minus_GR,96.11896850005724,2026-03-12T22:43:13Z,2026-03-12T22:44:49Z,results/raw/uniform_vs_heterogeneous_fixed_geometry_beta20_v1/run_20260312_202651/resolved_config.yaml,
1.0,uniform_vs_heterogeneous_fixed_geometry_beta20_v1,run_20260312_202651,uniform_trial_0088,uniform,baseline,88,uniform_fixed_repeated_eval_study,87,completed,,,1234,3001502173,3755143057,3101296280,,20.0,0.2,0.05,0.01,100,uniform,,,,,3.241663869458934,83.0,1.0,82.0,KR_minus_GR,94.45429489994422,2026-03-12T22:44:49Z,2026-03-12T22:46:23Z,results/raw/uniform_vs_heterogeneous_fixed_geometry_beta20_v1/run_20260312_202651/resolved_config.yaml,
1.0,uniform_vs_heterogeneous_fixed_geometry_beta20_v1,run_20260312_202651,uniform_trial_0089,uniform,baseline,89,uniform_fixed_repeated_eval_study,88,completed,,,1234,909806396,1615442465,2154646950,,20.0,0.2,0.05,0.01,100,uniform,,,,,3.1038946722993748,85.0,1.0,84.0,KR_minus_GR,94.67931289994158,2026-03-12T22:46:23Z,2026-03-12T22:47:58Z,results/raw/uniform_vs_heterogeneous_fixed_geometry_beta20_v1/run_20260312_202651/resolved_config.yaml,
1.0,uniform_vs_heterogeneous_fixed_geometry_beta20_v1,run_20260312_202651,uniform_trial_0090,uniform,baseline,90,uniform_fixed_repeated_eval_study,89,completed,,,1234,1475173876,3633904631,2291952637,,20.0,0.2,0.05,0.01,100,uniform,,,,,3.521338640885214,86.0,1.0,85.0,KR_minus_GR,94.62275379989296,2026-03-12T22:47:58Z,2026-03-12T22:49:33Z,results/raw/uniform_vs_heterogeneous_fixed_geometry_beta20_v1/run_20260312_202651/resolved_config.yaml,
1.0,uniform_vs_heterogeneous_fixed_geometry_beta20_v1,run_20260312_202651,uniform_trial_0091,uniform,baseline,91,uniform_fixed_repeated_eval_study,90,completed,,,1234,2551915120,1828892403,314966233,,20.0,0.2,0.05,0.01,100,uniform,,,,,3.2955754396917216,83.0,1.0,82.0,KR_minus_GR,94.62771370005794,2026-03-12T22:49:33Z,2026-03-12T22:51:07Z,results/raw/uniform_vs_heterogeneous_fixed_geometry_beta20_v1/run_20260312_202651/resolved_config.yaml,
1.0,uniform_vs_heterogeneous_fixed_geometry_beta20_v1,run_20260312_202651,uniform_trial_0092,uniform,baseline,92,uniform_fixed_repeated_eval_study,91,completed,,,1234,689503655,3560522586,3690997151,,20.0,0.2,0.05,0.01,100,uniform,,,,,3.4437734259974384,85.0,1.0,84.0,KR_minus_GR,96.12508749985136,2026-03-12T22:51:07Z,2026-03-12T22:52:44Z,results/raw/uniform_vs_heterogeneous_fixed_geometry_beta20_v1/run_20260312_202651/resolved_config.yaml,
1.0,uniform_vs_heterogeneous_fixed_geometry_beta20_v1,run_20260312_202651,uniform_trial_0093,uniform,baseline,93,uniform_fixed_repeated_eval_study,92,completed,,,1234,684625250,632191041,3641425244,,20.0,0.2,0.05,0.01,100,uniform,,,,,3.434888619201064,83.0,1.0,82.0,KR_minus_GR,95.43662000005133,2026-03-12T22:52:44Z,2026-03-12T22:54:19Z,results/raw/uniform_vs_heterogeneous_fixed_geometry_beta20_v1/run_20260312_202651/resolved_config.yaml,
1.0,uniform_vs_heterogeneous_fixed_geometry_beta20_v1,run_20260312_202651,uniform_trial_0094,uniform,baseline,94,uniform_fixed_repeated_eval_study,93,completed,,,1234,3902274546,331179188,3477702310,,20.0,0.2,0.05,0.01,100,uniform,,,,,3.0932854345174627,83.0,1.0,82.0,KR_minus_GR,94.49832249991596,2026-03-12T22:54:19Z,2026-03-12T22:55:53Z,results/raw/uniform_vs_heterogeneous_fixed_geometry_beta20_v1/run_20260312_202651/resolved_config.yaml,
1.0,uniform_vs_heterogeneous_fixed_geometry_beta20_v1,run_20260312_202651,uniform_trial_0095,uniform,baseline,95,uniform_fixed_repeated_eval_study,94,completed,,,1234,2538002004,2008534832,1894094120,,20.0,0.2,0.05,0.01,100,uniform,,,,,3.4412152009182115,83.0,1.0,82.0,KR_minus_GR,94.57834820006974,2026-03-12T22:55:53Z,2026-03-12T22:57:28Z,results/raw/uniform_vs_heterogeneous_fixed_geometry_beta20_v1/run_20260312_202651/resolved_config.yaml,
1.0,uniform_vs_heterogeneous_fixed_geometry_beta20_v1,run_20260312_202651,uniform_trial_0096,uniform,baseline,96,uniform_fixed_repeated_eval_study,95,completed,,,1234,4106226381,3860000649,27072864,,20.0,0.2,0.05,0.01,100,uniform,,,,,3.542292182426458,84.0,1.0,83.0,KR_minus_GR,94.77558279992081,2026-03-12T22:57:28Z,2026-03-12T22:59:03Z,results/raw/uniform_vs_heterogeneous_fixed_geometry_beta20_v1/run_20260312_202651/resolved_config.yaml,
1.0,uniform_vs_heterogeneous_fixed_geometry_beta20_v1,run_20260312_202651,uniform_trial_0097,uniform,baseline,97,uniform_fixed_repeated_eval_study,96,completed,,,1234,2583362290,3574215841,3726818846,,20.0,0.2,0.05,0.01,100,uniform,,,,,4.121690084498196,81.0,1.0,80.0,KR_minus_GR,95.62907709996216,2026-03-12T22:59:03Z,2026-03-12T23:00:38Z,results/raw/uniform_vs_heterogeneous_fixed_geometry_beta20_v1/run_20260312_202651/resolved_config.yaml,
1.0,uniform_vs_heterogeneous_fixed_geometry_beta20_v1,run_20260312_202651,uniform_trial_0098,uniform,baseline,98,uniform_fixed_repeated_eval_study,97,completed,,,1234,2573202364,45755526,1018628510,,20.0,0.2,0.05,0.01,100,uniform,,,,,3.588500064247911,79.0,1.0,78.0,KR_minus_GR,94.37919429992326,2026-03-12T23:00:38Z,2026-03-12T23:02:13Z,results/raw/uniform_vs_heterogeneous_fixed_geometry_beta20_v1/run_20260312_202651/resolved_config.yaml,
1.0,uniform_vs_heterogeneous_fixed_geometry_beta20_v1,run_20260312_202651,uniform_trial_0099,uniform,baseline,99,uniform_fixed_repeated_eval_study,98,completed,,,1234,1089545816,834123479,2418266908,,20.0,0.2,0.05,0.01,100,uniform,,,,,3.819465001491552,84.0,1.0,83.0,KR_minus_GR,94.88999300007708,2026-03-12T23:02:13Z,2026-03-12T23:03:48Z,results/raw/uniform_vs_heterogeneous_fixed_geometry_beta20_v1/run_20260312_202651/resolved_config.yaml,
1.0,uniform_vs_heterogeneous_fixed_geometry_beta20_v1,run_20260312_202651,uniform_trial_0100,uniform,baseline,100,uniform_fixed_repeated_eval_study,99,completed,,,1234,1816219053,2859602468,692359260,,20.0,0.2,0.05,0.01,100,uniform,,,,,3.6692706196404257,85.0,1.0,84.0,KR_minus_GR,94.96709130005911,2026-03-12T23:03:48Z,2026-03-12T23:05:23Z,results/raw/uniform_vs_heterogeneous_fixed_geometry_beta20_v1/run_20260312_202651/resolved_config.yaml,
1.0,uniform_vs_heterogeneous_fixed_geometry_beta20_v1,run_20260312_202651,heterogeneous_trial_0001,heterogeneous,candidate,1,heterogeneous_fixed_repeated_eval_study,0,completed,,,1234,2408122474,2000100347,1979586156,1880625514,20.0,0.2,0.05,0.01,100,distributional_beta,random,5,3.0,equal,3.9616111212666163,75.0,1.0,74.0,KR_minus_GR,146.0300843999721,2026-03-12T23:05:23Z,2026-03-12T23:07:49Z,results/raw/uniform_vs_heterogeneous_fixed_geometry_beta20_v1/run_20260312_202651/resolved_config.yaml,
1.0,uniform_vs_heterogeneous_fixed_geometry_beta20_v1,run_20260312_202651,heterogeneous_trial_0002,heterogeneous,candidate,2,heterogeneous_fixed_repeated_eval_study,1,completed,,,1234,1839157028,1120980433,1700307207,4041849615,20.0,0.2,0.05,0.01,100,distributional_beta,random,5,3.0,equal,3.1578238087410075,76.0,1.0,75.0,KR_minus_GR,141.56549079995602,2026-03-12T23:07:49Z,2026-03-12T23:10:10Z,results/raw/uniform_vs_heterogeneous_fixed_geometry_beta20_v1/run_20260312_202651/resolved_config.yaml,
1.0,uniform_vs_heterogeneous_fixed_geometry_beta20_v1,run_20260312_202651,heterogeneous_trial_0003,heterogeneous,candidate,3,heterogeneous_fixed_repeated_eval_study,2,completed,,,1234,2217714682,393117348,1633139896,1225619666,20.0,0.2,0.05,0.01,100,distributional_beta,random,5,3.0,equal,3.411244955068855,75.0,1.0,74.0,KR_minus_GR,141.45493259979412,2026-03-12T23:10:10Z,2026-03-12T23:12:32Z,results/raw/uniform_vs_heterogeneous_fixed_geometry_beta20_v1/run_20260312_202651/resolved_config.yaml,
1.0,uniform_vs_heterogeneous_fixed_geometry_beta20_v1,run_20260312_202651,heterogeneous_trial_0004,heterogeneous,candidate,4,heterogeneous_fixed_repeated_eval_study,3,completed,,,1234,826684818,3382300902,308461922,688088550,20.0,0.2,0.05,0.01,100,distributional_beta,random,5,3.0,equal,4.025010478333451,74.0,1.0,73.0,KR_minus_GR,141.28932819981128,2026-03-12T23:12:32Z,2026-03-12T23:14:53Z,results/raw/uniform_vs_heterogeneous_fixed_geometry_beta20_v1/run_20260312_202651/resolved_config.yaml,
1.0,uniform_vs_heterogeneous_fixed_geometry_beta20_v1,run_20260312_202651,heterogeneous_trial_0005,heterogeneous,candidate,5,heterogeneous_fixed_repeated_eval_study,4,completed,,,1234,974288371,2058810176,3919886337,1909323564,20.0,0.2,0.05,0.01,100,distributional_beta,random,5,3.0,equal,2.7852507892634253,76.0,1.0,75.0,KR_minus_GR,142.6289421999827,2026-03-12T23:14:53Z,2026-03-12T23:17:16Z,results/raw/uniform_vs_heterogeneous_fixed_geometry_beta20_v1/run_20260312_202651/resolved_config.yaml,
1.0,uniform_vs_heterogeneous_fixed_geometry_beta20_v1,run_20260312_202651,heterogeneous_trial_0006,heterogeneous,candidate,6,heterogeneous_fixed_repeated_eval_study,5,completed,,,1234,1459275493,2010493449,1025770512,2274026878,20.0,0.2,0.05,0.01,100,distributional_beta,random,5,3.0,equal,3.2568854951826873,75.0,1.0,74.0,KR_minus_GR,141.4993233999703,2026-03-12T23:17:16Z,2026-03-12T23:19:37Z,results/raw/uniform_vs_heterogeneous_fixed_geometry_beta20_v1/run_20260312_202651/resolved_config.yaml,
1.0,uniform_vs_heterogeneous_fixed_geometry_beta20_v1,run_20260312_202651,heterogeneous_trial_0007,heterogeneous,candidate,7,heterogeneous_fixed_repeated_eval_study,6,completed,,,1234,1935096902,3726667388,2400071673,2407915432,20.0,0.2,0.05,0.01,100,distributional_beta,random,5,3.0,equal,3.9604392521882037,76.0,1.0,75.0,KR_minus_GR,141.65722630009986,2026-03-12T23:19:37Z,2026-03-12T23:21:59Z,results/raw/uniform_vs_heterogeneous_fixed_geometry_beta20_v1/run_20260312_202651/resolved_config.yaml,
1.0,uniform_vs_heterogeneous_fixed_geometry_beta20_v1,run_20260312_202651,heterogeneous_trial_0008,heterogeneous,candidate,8,heterogeneous_fixed_repeated_eval_study,7,completed,,,1234,1025744473,3281620272,3990982196,2477015686,20.0,0.2,0.05,0.01,100,distributional_beta,random,5,3.0,equal,3.9047926836054034,75.0,1.0,74.0,KR_minus_GR,141.60869670007378,2026-03-12T23:21:59Z,2026-03-12T23:24:20Z,results/raw/uniform_vs_heterogeneous_fixed_geometry_beta20_v1/run_20260312_202651/resolved_config.yaml,
1.0,uniform_vs_heterogeneous_fixed_geometry_beta20_v1,run_20260312_202651,heterogeneous_trial_0009,heterogeneous,candidate,9,heterogeneous_fixed_repeated_eval_study,8,completed,,,1234,1763699386,1639980451,2538658739,4227790127,20.0,0.2,0.05,0.01,100,distributional_beta,random,5,3.0,equal,3.9318414109706374,75.0,1.0,74.0,KR_minus_GR,142.0392708000727,2026-03-12T23:24:20Z,2026-03-12T23:26:42Z,results/raw/uniform_vs_heterogeneous_fixed_geometry_beta20_v1/run_20260312_202651/resolved_config.yaml,
1.0,uniform_vs_heterogeneous_fixed_geometry_beta20_v1,run_20260312_202651,heterogeneous_trial_0010,heterogeneous,candidate,10,heterogeneous_fixed_repeated_eval_study,9,completed,,,1234,234051100,393544071,3262646074,4036157035,20.0,0.2,0.05,0.01,100,distributional_beta,random,5,3.0,equal,3.6348384315521836,75.0,1.0,74.0,KR_minus_GR,140.9506641998887,2026-03-12T23:26:42Z,2026-03-12T23:29:03Z,results/raw/uniform_vs_heterogeneous_fixed_geometry_beta20_v1/run_20260312_202651/resolved_config.yaml,
1.0,uniform_vs_heterogeneous_fixed_geometry_beta20_v1,run_20260312_202651,heterogeneous_trial_0011,heterogeneous,candidate,11,heterogeneous_fixed_repeated_eval_study,10,completed,,,1234,611398128,2711575585,1033841926,842837905,20.0,0.2,0.05,0.01,100,distributional_beta,random,5,3.0,equal,3.1157243902488734,74.0,1.0,73.0,KR_minus_GR,141.34429070004262,2026-03-12T23:29:03Z,2026-03-12T23:31:25Z,results/raw/uniform_vs_heterogeneous_fixed_geometry_beta20_v1/run_20260312_202651/resolved_config.yaml,
1.0,uniform_vs_heterogeneous_fixed_geometry_beta20_v1,run_20260312_202651,heterogeneous_trial_0012,heterogeneous,candidate,12,heterogeneous_fixed_repeated_eval_study,11,completed,,,1234,392037606,2140962532,1153922637,897770301,20.0,0.2,0.05,0.01,100,distributional_beta,random,5,3.0,equal,4.0076542640763915,75.0,1.0,74.0,KR_minus_GR,141.56401029997505,2026-03-12T23:31:25Z,2026-03-12T23:33:46Z,results/raw/uniform_vs_heterogeneous_fixed_geometry_beta20_v1/run_20260312_202651/resolved_config.yaml,
1.0,uniform_vs_heterogeneous_fixed_geometry_beta20_v1,run_20260312_202651,heterogeneous_trial_0013,heterogeneous,candidate,13,heterogeneous_fixed_repeated_eval_study,12,completed,,,1234,2622422300,3704027936,488585317,1791843398,20.0,0.2,0.05,0.01,100,distributional_beta,random,5,3.0,equal,3.147349344909041,76.0,1.0,75.0,KR_minus_GR,141.75275240000337,2026-03-12T23:33:46Z,2026-03-12T23:36:08Z,results/raw/uniform_vs_heterogeneous_fixed_geometry_beta20_v1/run_20260312_202651/resolved_config.yaml,
1.0,uniform_vs_heterogeneous_fixed_geometry_beta20_v1,run_20260312_202651,heterogeneous_trial_0014,heterogeneous,candidate,14,heterogeneous_fixed_repeated_eval_study,13,completed,,,1234,2260973909,1208859316,2239365485,3014419461,20.0,0.2,0.05,0.01,100,distributional_beta,random,5,3.0,equal,3.5467461049300217,75.0,1.0,74.0,KR_minus_GR,141.58489759988151,2026-03-12T23:36:08Z,2026-03-12T23:38:30Z,results/raw/uniform_vs_heterogeneous_fixed_geometry_beta20_v1/run_20260312_202651/resolved_config.yaml,
1.0,uniform_vs_heterogeneous_fixed_geometry_beta20_v1,run_20260312_202651,heterogeneous_trial_0015,heterogeneous,candidate,15,heterogeneous_fixed_repeated_eval_study,14,completed,,,1234,2692086949,2642067238,3260884309,29394716,20.0,0.2,0.05,0.01,100,distributional_beta,random,5,3.0,equal,3.249272949846827,76.0,1.0,75.0,KR_minus_GR,142.02427070005797,2026-03-12T23:38:30Z,2026-03-12T23:40:52Z,results/raw/uniform_vs_heterogeneous_fixed_geometry_beta20_v1/run_20260312_202651/resolved_config.yaml,
1.0,uniform_vs_heterogeneous_fixed_geometry_beta20_v1,run_20260312_202651,heterogeneous_trial_0016,heterogeneous,candidate,16,heterogeneous_fixed_repeated_eval_study,15,completed,,,1234,3649612134,462775792,806963224,1359964574,20.0,0.2,0.05,0.01,100,distributional_beta,random,5,3.0,equal,3.1669550196151195,74.0,1.0,73.0,KR_minus_GR,142.18392689991742,2026-03-12T23:40:52Z,2026-03-12T23:43:14Z,results/raw/uniform_vs_heterogeneous_fixed_geometry_beta20_v1/run_20260312_202651/resolved_config.yaml,
1.0,uniform_vs_heterogeneous_fixed_geometry_beta20_v1,run_20260312_202651,heterogeneous_trial_0017,heterogeneous,candidate,17,heterogeneous_fixed_repeated_eval_study,16,completed,,,1234,19433594,3713479929,2401966997,4106533655,20.0,0.2,0.05,0.01,100,distributional_beta,random,5,3.0,equal,3.653920617401866,75.0,1.0,74.0,KR_minus_GR,142.07688369997777,2026-03-12T23:43:14Z,2026-03-12T23:45:36Z,results/raw/uniform_vs_heterogeneous_fixed_geometry_beta20_v1/run_20260312_202651/resolved_config.yaml,
1.0,uniform_vs_heterogeneous_fixed_geometry_beta20_v1,run_20260312_202651,heterogeneous_trial_0018,heterogeneous,candidate,18,heterogeneous_fixed_repeated_eval_study,17,completed,,,1234,1714959824,2574579398,3148795873,2036838629,20.0,0.2,0.05,0.01,100,distributional_beta,random,5,3.0,equal,3.67520046664261,76.0,1.0,75.0,KR_minus_GR,142.92594050010666,2026-03-12T23:45:36Z,2026-03-12T23:47:59Z,results/raw/uniform_vs_heterogeneous_fixed_geometry_beta20_v1/run_20260312_202651/resolved_config.yaml,
1.0,uniform_vs_heterogeneous_fixed_geometry_beta20_v1,run_20260312_202651,heterogeneous_trial_0019,heterogeneous,candidate,19,heterogeneous_fixed_repeated_eval_study,18,completed,,,1234,1703587116,1301752471,1714892216,3320113520,20.0,0.2,0.05,0.01,100,distributional_beta,random,5,3.0,equal,3.479189738158369,77.0,1.0,76.0,KR_minus_GR,142.2790546999313,2026-03-12T23:47:59Z,2026-03-12T23:50:21Z,results/raw/uniform_vs_heterogeneous_fixed_geometry_beta20_v1/run_20260312_202651/resolved_config.yaml,
1.0,uniform_vs_heterogeneous_fixed_geometry_beta20_v1,run_20260312_202651,heterogeneous_trial_0020,heterogeneous,candidate,20,heterogeneous_fixed_repeated_eval_study,19,completed,,,1234,2750290308,1394810012,2826377836,1819762935,20.0,0.2,0.05,0.01,100,distributional_beta,random,5,3.0,equal,2.76197244204564,77.0,1.0,76.0,KR_minus_GR,142.84403010015376,2026-03-12T23:50:21Z,2026-03-12T23:52:44Z,results/raw/uniform_vs_heterogeneous_fixed_geometry_beta20_v1/run_20260312_202651/resolved_config.yaml,
1.0,uniform_vs_heterogeneous_fixed_geometry_beta20_v1,run_20260312_202651,heterogeneous_trial_0021,heterogeneous,candidate,21,heterogeneous_fixed_repeated_eval_study,20,completed,,,1234,456817927,1832710348,3664004695,720014475,20.0,0.2,0.05,0.01,100,distributional_beta,random,5,3.0,equal,3.802525626839715,76.0,1.0,75.0,KR_minus_GR,142.56577170011587,2026-03-12T23:52:44Z,2026-03-12T23:55:07Z,results/raw/uniform_vs_heterogeneous_fixed_geometry_beta20_v1/run_20260312_202651/resolved_config.yaml,
1.0,uniform_vs_heterogeneous_fixed_geometry_beta20_v1,run_20260312_202651,heterogeneous_trial_0022,heterogeneous,candidate,22,heterogeneous_fixed_repeated_eval_study,21,completed,,,1234,509314403,175062141,2868152023,721532048,20.0,0.2,0.05,0.01,100,distributional_beta,random,5,3.0,equal,3.6451304212292217,76.0,2.0,74.0,KR_minus_GR,141.6393917000387,2026-03-12T23:55:07Z,2026-03-12T23:57:28Z,results/raw/uniform_vs_heterogeneous_fixed_geometry_beta20_v1/run_20260312_202651/resolved_config.yaml,
1.0,uniform_vs_heterogeneous_fixed_geometry_beta20_v1,run_20260312_202651,heterogeneous_trial_0023,heterogeneous,candidate,23,heterogeneous_fixed_repeated_eval_study,22,completed,,,1234,1721340971,4142987071,3690095388,600243217,20.0,0.2,0.05,0.01,100,distributional_beta,random,5,3.0,equal,3.894392884433838,75.0,1.0,74.0,KR_minus_GR,142.35637309984304,2026-03-12T23:57:28Z,2026-03-12T23:59:51Z,results/raw/uniform_vs_heterogeneous_fixed_geometry_beta20_v1/run_20260312_202651/resolved_config.yaml,
1.0,uniform_vs_heterogeneous_fixed_geometry_beta20_v1,run_20260312_202651,heterogeneous_trial_0024,heterogeneous,candidate,24,heterogeneous_fixed_repeated_eval_study,23,completed,,,1234,372960044,1295172812,3720297585,1604198515,20.0,0.2,0.05,0.01,100,distributional_beta,random,5,3.0,equal,3.405884676219181,75.0,1.0,74.0,KR_minus_GR,141.64228220004588,2026-03-12T23:59:51Z,2026-03-13T00:02:12Z,results/raw/uniform_vs_heterogeneous_fixed_geometry_beta20_v1/run_20260312_202651/resolved_config.yaml,
1.0,uniform_vs_heterogeneous_fixed_geometry_beta20_v1,run_20260312_202651,heterogeneous_trial_0025,heterogeneous,candidate,25,heterogeneous_fixed_repeated_eval_study,24,completed,,,1234,464330007,2659430530,2235986509,589707848,20.0,0.2,0.05,0.01,100,distributional_beta,random,5,3.0,equal,3.3970192868078724,76.0,1.0,75.0,KR_minus_GR,141.50265010003932,2026-03-13T00:02:12Z,2026-03-13T00:04:34Z,results/raw/uniform_vs_heterogeneous_fixed_geometry_beta20_v1/run_20260312_202651/resolved_config.yaml,
1.0,uniform_vs_heterogeneous_fixed_geometry_beta20_v1,run_20260312_202651,heterogeneous_trial_0026,heterogeneous,candidate,26,heterogeneous_fixed_repeated_eval_study,25,completed,,,1234,1981469303,517425933,2133939555,504811935,20.0,0.2,0.05,0.01,100,distributional_beta,random,5,3.0,equal,3.2015444955600225,77.0,1.0,76.0,KR_minus_GR,141.74242080003023,2026-03-13T00:04:34Z,2026-03-13T00:06:56Z,results/raw/uniform_vs_heterogeneous_fixed_geometry_beta20_v1/run_20260312_202651/resolved_config.yaml,
1.0,uniform_vs_heterogeneous_fixed_geometry_beta20_v1,run_20260312_202651,heterogeneous_trial_0027,heterogeneous,candidate,27,heterogeneous_fixed_repeated_eval_study,26,completed,,,1234,1014278028,3725395208,2877471830,848459630,20.0,0.2,0.05,0.01,100,distributional_beta,random,5,3.0,equal,3.2559396392183193,74.0,2.0,72.0,KR_minus_GR,142.02839539991692,2026-03-13T00:06:56Z,2026-03-13T00:09:18Z,results/raw/uniform_vs_heterogeneous_fixed_geometry_beta20_v1/run_20260312_202651/resolved_config.yaml,
1.0,uniform_vs_heterogeneous_fixed_geometry_beta20_v1,run_20260312_202651,heterogeneous_trial_0028,heterogeneous,candidate,28,heterogeneous_fixed_repeated_eval_study,27,completed,,,1234,2739861163,972014086,2428133118,1649266117,20.0,0.2,0.05,0.01,100,distributional_beta,random,5,3.0,equal,3.659362324247775,75.0,1.0,74.0,KR_minus_GR,142.62285100016743,2026-03-13T00:09:18Z,2026-03-13T00:11:40Z,results/raw/uniform_vs_heterogeneous_fixed_geometry_beta20_v1/run_20260312_202651/resolved_config.yaml,
1.0,uniform_vs_heterogeneous_fixed_geometry_beta20_v1,run_20260312_202651,heterogeneous_trial_0029,heterogeneous,candidate,29,heterogeneous_fixed_repeated_eval_study,28,completed,,,1234,1883092681,1851252017,2565420409,3661727584,20.0,0.2,0.05,0.01,100,distributional_beta,random,5,3.0,equal,3.5992029674231274,75.0,1.0,74.0,KR_minus_GR,143.2677962000016,2026-03-13T00:11:40Z,2026-03-13T00:14:03Z,results/raw/uniform_vs_heterogeneous_fixed_geometry_beta20_v1/run_20260312_202651/resolved_config.yaml,
1.0,uniform_vs_heterogeneous_fixed_geometry_beta20_v1,run_20260312_202651,heterogeneous_trial_0030,heterogeneous,candidate,30,heterogeneous_fixed_repeated_eval_study,29,completed,,,1234,3901873103,823568009,2452133585,2667986008,20.0,0.2,0.05,0.01,100,distributional_beta,random,5,3.0,equal,3.2369801726197607,75.0,1.0,74.0,KR_minus_GR,142.4030708000064,2026-03-13T00:14:03Z,2026-03-13T00:16:26Z,results/raw/uniform_vs_heterogeneous_fixed_geometry_beta20_v1/run_20260312_202651/resolved_config.yaml,
1.0,uniform_vs_heterogeneous_fixed_geometry_beta20_v1,run_20260312_202651,heterogeneous_trial_0031,heterogeneous,candidate,31,heterogeneous_fixed_repeated_eval_study,30,completed,,,1234,2017312746,203634072,1321307725,1679045411,20.0,0.2,0.05,0.01,100,distributional_beta,random,5,3.0,equal,3.3128918044548916,76.0,1.0,75.0,KR_minus_GR,142.12073900015093,2026-03-13T00:16:26Z,2026-03-13T00:18:48Z,results/raw/uniform_vs_heterogeneous_fixed_geometry_beta20_v1/run_20260312_202651/resolved_config.yaml,
1.0,uniform_vs_heterogeneous_fixed_geometry_beta20_v1,run_20260312_202651,heterogeneous_trial_0032,heterogeneous,candidate,32,heterogeneous_fixed_repeated_eval_study,31,completed,,,1234,4063552190,1286527283,3526996777,4041274827,20.0,0.2,0.05,0.01,100,distributional_beta,random,5,3.0,equal,3.568285217038641,75.0,1.0,74.0,KR_minus_GR,142.44510799995624,2026-03-13T00:18:48Z,2026-03-13T00:21:10Z,results/raw/uniform_vs_heterogeneous_fixed_geometry_beta20_v1/run_20260312_202651/resolved_config.yaml,
1.0,uniform_vs_heterogeneous_fixed_geometry_beta20_v1,run_20260312_202651,heterogeneous_trial_0033,heterogeneous,candidate,33,heterogeneous_fixed_repeated_eval_study,32,completed,,,1234,1798416266,1927052211,3528957131,3897761708,20.0,0.2,0.05,0.01,100,distributional_beta,random,5,3.0,equal,3.8823884261947597,75.0,1.0,74.0,KR_minus_GR,142.9050247000996,2026-03-13T00:21:10Z,2026-03-13T00:23:33Z,results/raw/uniform_vs_heterogeneous_fixed_geometry_beta20_v1/run_20260312_202651/resolved_config.yaml,
1.0,uniform_vs_heterogeneous_fixed_geometry_beta20_v1,run_20260312_202651,heterogeneous_trial_0034,heterogeneous,candidate,34,heterogeneous_fixed_repeated_eval_study,33,completed,,,1234,2688440074,940398729,4060313579,3306562583,20.0,0.2,0.05,0.01,100,distributional_beta,random,5,3.0,equal,3.3815714389741385,74.0,1.0,73.0,KR_minus_GR,141.6672059998382,2026-03-13T00:23:33Z,2026-03-13T00:25:55Z,results/raw/uniform_vs_heterogeneous_fixed_geometry_beta20_v1/run_20260312_202651/resolved_config.yaml,
1.0,uniform_vs_heterogeneous_fixed_geometry_beta20_v1,run_20260312_202651,heterogeneous_trial_0035,heterogeneous,candidate,35,heterogeneous_fixed_repeated_eval_study,34,completed,,,1234,3738359417,2076621277,3238266826,4260460528,20.0,0.2,0.05,0.01,100,distributional_beta,random,5,3.0,equal,4.128999486735995,77.0,1.0,76.0,KR_minus_GR,141.9894549001474,2026-03-13T00:25:55Z,2026-03-13T00:28:17Z,results/raw/uniform_vs_heterogeneous_fixed_geometry_beta20_v1/run_20260312_202651/resolved_config.yaml,
1.0,uniform_vs_heterogeneous_fixed_geometry_beta20_v1,run_20260312_202651,heterogeneous_trial_0036,heterogeneous,candidate,36,heterogeneous_fixed_repeated_eval_study,35,completed,,,1234,1369270235,1041846000,1422845260,4174159730,20.0,0.2,0.05,0.01,100,distributional_beta,random,5,3.0,equal,3.4805576156716365,77.0,1.0,76.0,KR_minus_GR,141.59105110005476,2026-03-13T00:28:17Z,2026-03-13T00:30:39Z,results/raw/uniform_vs_heterogeneous_fixed_geometry_beta20_v1/run_20260312_202651/resolved_config.yaml,
1.0,uniform_vs_heterogeneous_fixed_geometry_beta20_v1,run_20260312_202651,heterogeneous_trial_0037,heterogeneous,candidate,37,heterogeneous_fixed_repeated_eval_study,36,completed,,,1234,1603082535,3827208761,1653869235,2474169612,20.0,0.2,0.05,0.01,100,distributional_beta,random,5,3.0,equal,2.9142598211627524,75.0,1.0,74.0,KR_minus_GR,141.51639840006828,2026-03-13T00:30:39Z,2026-03-13T00:33:00Z,results/raw/uniform_vs_heterogeneous_fixed_geometry_beta20_v1/run_20260312_202651/resolved_config.yaml,
1.0,uniform_vs_heterogeneous_fixed_geometry_beta20_v1,run_20260312_202651,heterogeneous_trial_0038,heterogeneous,candidate,38,heterogeneous_fixed_repeated_eval_study,37,completed,,,1234,1223578556,3003924231,2405436866,21406487,20.0,0.2,0.05,0.01,100,distributional_beta,random,5,3.0,equal,3.14985671324322,75.0,1.0,74.0,KR_minus_GR,142.6051998999901,2026-03-13T00:33:00Z,2026-03-13T00:35:23Z,results/raw/uniform_vs_heterogeneous_fixed_geometry_beta20_v1/run_20260312_202651/resolved_config.yaml,
1.0,uniform_vs_heterogeneous_fixed_geometry_beta20_v1,run_20260312_202651,heterogeneous_trial_0039,heterogeneous,candidate,39,heterogeneous_fixed_repeated_eval_study,38,completed,,,1234,2009916019,2633247022,621318356,3410274071,20.0,0.2,0.05,0.01,100,distributional_beta,random,5,3.0,equal,3.6198721959222517,74.0,1.0,73.0,KR_minus_GR,142.31116780010052,2026-03-13T00:35:23Z,2026-03-13T00:37:45Z,results/raw/uniform_vs_heterogeneous_fixed_geometry_beta20_v1/run_20260312_202651/resolved_config.yaml,
1.0,uniform_vs_heterogeneous_fixed_geometry_beta20_v1,run_20260312_202651,heterogeneous_trial_0040,heterogeneous,candidate,40,heterogeneous_fixed_repeated_eval_study,39,completed,,,1234,1925830997,4283009485,1798685860,1929724643,20.0,0.2,0.05,0.01,100,distributional_beta,random,5,3.0,equal,3.68947126063737,75.0,1.0,74.0,KR_minus_GR,142.08717260020785,2026-03-13T00:37:45Z,2026-03-13T00:40:07Z,results/raw/uniform_vs_heterogeneous_fixed_geometry_beta20_v1/run_20260312_202651/resolved_config.yaml,
1.0,uniform_vs_heterogeneous_fixed_geometry_beta20_v1,run_20260312_202651,heterogeneous_trial_0041,heterogeneous,candidate,41,heterogeneous_fixed_repeated_eval_study,40,completed,,,1234,1420412841,3584729766,7339205,3201328707,20.0,0.2,0.05,0.01,100,distributional_beta,random,5,3.0,equal,4.1678818859222755,77.0,1.0,76.0,KR_minus_GR,141.24798909993842,2026-03-13T00:40:07Z,2026-03-13T00:42:28Z,results/raw/uniform_vs_heterogeneous_fixed_geometry_beta20_v1/run_20260312_202651/resolved_config.yaml,
1.0,uniform_vs_heterogeneous_fixed_geometry_beta20_v1,run_20260312_202651,heterogeneous_trial_0042,heterogeneous,candidate,42,heterogeneous_fixed_repeated_eval_study,41,completed,,,1234,1273106852,2850902816,1627839462,732843329,20.0,0.2,0.05,0.01,100,distributional_beta,random,5,3.0,equal,3.566176500961296,73.0,1.0,72.0,KR_minus_GR,141.92241610004567,2026-03-13T00:42:28Z,2026-03-13T00:44:50Z,results/raw/uniform_vs_heterogeneous_fixed_geometry_beta20_v1/run_20260312_202651/resolved_config.yaml,
1.0,uniform_vs_heterogeneous_fixed_geometry_beta20_v1,run_20260312_202651,heterogeneous_trial_0043,heterogeneous,candidate,43,heterogeneous_fixed_repeated_eval_study,42,completed,,,1234,2821350662,3573826692,4038494014,3817151126,20.0,0.2,0.05,0.01,100,distributional_beta,random,5,3.0,equal,3.0525573860736595,75.0,1.0,74.0,KR_minus_GR,142.4386718000751,2026-03-13T00:44:50Z,2026-03-13T00:47:13Z,results/raw/uniform_vs_heterogeneous_fixed_geometry_beta20_v1/run_20260312_202651/resolved_config.yaml,
1.0,uniform_vs_heterogeneous_fixed_geometry_beta20_v1,run_20260312_202651,heterogeneous_trial_0044,heterogeneous,candidate,44,heterogeneous_fixed_repeated_eval_study,43,completed,,,1234,3421893909,1810663594,2584738419,3569161695,20.0,0.2,0.05,0.01,100,distributional_beta,random,5,3.0,equal,2.9024614691847495,74.0,1.0,73.0,KR_minus_GR,142.97711290000007,2026-03-13T00:47:13Z,2026-03-13T00:49:36Z,results/raw/uniform_vs_heterogeneous_fixed_geometry_beta20_v1/run_20260312_202651/resolved_config.yaml,
1.0,uniform_vs_heterogeneous_fixed_geometry_beta20_v1,run_20260312_202651,heterogeneous_trial_0045,heterogeneous,candidate,45,heterogeneous_fixed_repeated_eval_study,44,completed,,,1234,1510233278,2738302303,519684109,2631496350,20.0,0.2,0.05,0.01,100,distributional_beta,random,5,3.0,equal,4.038308512102636,75.0,1.0,74.0,KR_minus_GR,141.56138589978218,2026-03-13T00:49:36Z,2026-03-13T00:51:57Z,results/raw/uniform_vs_heterogeneous_fixed_geometry_beta20_v1/run_20260312_202651/resolved_config.yaml,
1.0,uniform_vs_heterogeneous_fixed_geometry_beta20_v1,run_20260312_202651,heterogeneous_trial_0046,heterogeneous,candidate,46,heterogeneous_fixed_repeated_eval_study,45,completed,,,1234,3808574954,1804163482,3734686337,1772656522,20.0,0.2,0.05,0.01,100,distributional_beta,random,5,3.0,equal,3.701733547518676,75.0,1.0,74.0,KR_minus_GR,142.10791600006633,2026-03-13T00:51:57Z,2026-03-13T00:54:19Z,results/raw/uniform_vs_heterogeneous_fixed_geometry_beta20_v1/run_20260312_202651/resolved_config.yaml,
1.0,uniform_vs_heterogeneous_fixed_geometry_beta20_v1,run_20260312_202651,heterogeneous_trial_0047,heterogeneous,candidate,47,heterogeneous_fixed_repeated_eval_study,46,completed,,,1234,2277991454,3073614381,2154592072,3747676115,20.0,0.2,0.05,0.01,100,distributional_beta,random,5,3.0,equal,4.3445206166846395,75.0,1.0,74.0,KR_minus_GR,142.0932766001206,2026-03-13T00:54:19Z,2026-03-13T00:56:41Z,results/raw/uniform_vs_heterogeneous_fixed_geometry_beta20_v1/run_20260312_202651/resolved_config.yaml,
1.0,uniform_vs_heterogeneous_fixed_geometry_beta20_v1,run_20260312_202651,heterogeneous_trial_0048,heterogeneous,candidate,48,heterogeneous_fixed_repeated_eval_study,47,completed,,,1234,1525808098,806779527,3430128107,2061948707,20.0,0.2,0.05,0.01,100,distributional_beta,random,5,3.0,equal,3.3815485138538497,77.0,1.0,76.0,KR_minus_GR,142.26472060009837,2026-03-13T00:56:41Z,2026-03-13T00:59:04Z,results/raw/uniform_vs_heterogeneous_fixed_geometry_beta20_v1/run_20260312_202651/resolved_config.yaml,
1.0,uniform_vs_heterogeneous_fixed_geometry_beta20_v1,run_20260312_202651,heterogeneous_trial_0049,heterogeneous,candidate,49,heterogeneous_fixed_repeated_eval_study,48,completed,,,1234,2444337785,802221559,664125691,892909977,20.0,0.2,0.05,0.01,100,distributional_beta,random,5,3.0,equal,4.051790140760485,75.0,1.0,74.0,KR_minus_GR,142.41380329988897,2026-03-13T00:59:04Z,2026-03-13T01:01:26Z,results/raw/uniform_vs_heterogeneous_fixed_geometry_beta20_v1/run_20260312_202651/resolved_config.yaml,
1.0,uniform_vs_heterogeneous_fixed_geometry_beta20_v1,run_20260312_202651,heterogeneous_trial_0050,heterogeneous,candidate,50,heterogeneous_fixed_repeated_eval_study,49,completed,,,1234,2831958560,1424496532,2835665012,3277663323,20.0,0.2,0.05,0.01,100,distributional_beta,random,5,3.0,equal,3.932287503035589,74.0,1.0,73.0,KR_minus_GR,141.98124150000513,2026-03-13T01:01:26Z,2026-03-13T01:03:48Z,results/raw/uniform_vs_heterogeneous_fixed_geometry_beta20_v1/run_20260312_202651/resolved_config.yaml,
1.0,uniform_vs_heterogeneous_fixed_geometry_beta20_v1,run_20260312_202651,heterogeneous_trial_0051,heterogeneous,candidate,51,heterogeneous_fixed_repeated_eval_study,50,completed,,,1234,1660157823,1368499526,103746640,3998608642,20.0,0.2,0.05,0.01,100,distributional_beta,random,5,3.0,equal,3.16989648472077,76.0,1.0,75.0,KR_minus_GR,141.56502020009793,2026-03-13T01:03:48Z,2026-03-13T01:06:10Z,results/raw/uniform_vs_heterogeneous_fixed_geometry_beta20_v1/run_20260312_202651/resolved_config.yaml,
1.0,uniform_vs_heterogeneous_fixed_geometry_beta20_v1,run_20260312_202651,heterogeneous_trial_0052,heterogeneous,candidate,52,heterogeneous_fixed_repeated_eval_study,51,completed,,,1234,2295508185,376024486,3056225976,3533681221,20.0,0.2,0.05,0.01,100,distributional_beta,random,5,3.0,equal,3.959646042704978,75.0,1.0,74.0,KR_minus_GR,142.04089910001494,2026-03-13T01:06:10Z,2026-03-13T01:08:32Z,results/raw/uniform_vs_heterogeneous_fixed_geometry_beta20_v1/run_20260312_202651/resolved_config.yaml,
1.0,uniform_vs_heterogeneous_fixed_geometry_beta20_v1,run_20260312_202651,heterogeneous_trial_0053,heterogeneous,candidate,53,heterogeneous_fixed_repeated_eval_study,52,completed,,,1234,2163357591,3010229646,947101433,1673840258,20.0,0.2,0.05,0.01,100,distributional_beta,random,5,3.0,equal,3.555871154031742,76.0,1.0,75.0,KR_minus_GR,142.20390259986743,2026-03-13T01:08:32Z,2026-03-13T01:10:54Z,results/raw/uniform_vs_heterogeneous_fixed_geometry_beta20_v1/run_20260312_202651/resolved_config.yaml,
1.0,uniform_vs_heterogeneous_fixed_geometry_beta20_v1,run_20260312_202651,heterogeneous_trial_0054,heterogeneous,candidate,54,heterogeneous_fixed_repeated_eval_study,53,completed,,,1234,907067396,3244663160,3192419832,583279118,20.0,0.2,0.05,0.01,100,distributional_beta,random,5,3.0,equal,3.577193770231286,78.0,3.0,75.0,KR_minus_GR,142.67394190002233,2026-03-13T01:10:54Z,2026-03-13T01:13:17Z,results/raw/uniform_vs_heterogeneous_fixed_geometry_beta20_v1/run_20260312_202651/resolved_config.yaml,
1.0,uniform_vs_heterogeneous_fixed_geometry_beta20_v1,run_20260312_202651,heterogeneous_trial_0055,heterogeneous,candidate,55,heterogeneous_fixed_repeated_eval_study,54,completed,,,1234,1242336326,1233891357,2241837140,1919859118,20.0,0.2,0.05,0.01,100,distributional_beta,random,5,3.0,equal,3.7506049837701303,74.0,1.0,73.0,KR_minus_GR,142.1019977000542,2026-03-13T01:13:17Z,2026-03-13T01:15:39Z,results/raw/uniform_vs_heterogeneous_fixed_geometry_beta20_v1/run_20260312_202651/resolved_config.yaml,
1.0,uniform_vs_heterogeneous_fixed_geometry_beta20_v1,run_20260312_202651,heterogeneous_trial_0056,heterogeneous,candidate,56,heterogeneous_fixed_repeated_eval_study,55,completed,,,1234,2880588290,1655982823,2346242733,3970478296,20.0,0.2,0.05,0.01,100,distributional_beta,random,5,3.0,equal,3.614351283808525,74.0,1.0,73.0,KR_minus_GR,141.77408470003866,2026-03-13T01:15:39Z,2026-03-13T01:18:01Z,results/raw/uniform_vs_heterogeneous_fixed_geometry_beta20_v1/run_20260312_202651/resolved_config.yaml,
1.0,uniform_vs_heterogeneous_fixed_geometry_beta20_v1,run_20260312_202651,heterogeneous_trial_0057,heterogeneous,candidate,57,heterogeneous_fixed_repeated_eval_study,56,completed,,,1234,3862299001,2629605266,1380119078,1523702881,20.0,0.2,0.05,0.01,100,distributional_beta,random,5,3.0,equal,3.728581959918574,76.0,1.0,75.0,KR_minus_GR,142.57486429996789,2026-03-13T01:18:01Z,2026-03-13T01:20:23Z,results/raw/uniform_vs_heterogeneous_fixed_geometry_beta20_v1/run_20260312_202651/resolved_config.yaml,
1.0,uniform_vs_heterogeneous_fixed_geometry_beta20_v1,run_20260312_202651,heterogeneous_trial_0058,heterogeneous,candidate,58,heterogeneous_fixed_repeated_eval_study,57,completed,,,1234,1532162921,912794142,12675080,648014819,20.0,0.2,0.05,0.01,100,distributional_beta,random,5,3.0,equal,3.065536421414616,77.0,1.0,76.0,KR_minus_GR,141.42932919994928,2026-03-13T01:20:23Z,2026-03-13T01:22:45Z,results/raw/uniform_vs_heterogeneous_fixed_geometry_beta20_v1/run_20260312_202651/resolved_config.yaml,
1.0,uniform_vs_heterogeneous_fixed_geometry_beta20_v1,run_20260312_202651,heterogeneous_trial_0059,heterogeneous,candidate,59,heterogeneous_fixed_repeated_eval_study,58,completed,,,1234,3001835324,1819896265,465939974,949998674,20.0,0.2,0.05,0.01,100,distributional_beta,random,5,3.0,equal,3.4929037685110575,75.0,1.0,74.0,KR_minus_GR,141.6185932001099,2026-03-13T01:22:45Z,2026-03-13T01:25:06Z,results/raw/uniform_vs_heterogeneous_fixed_geometry_beta20_v1/run_20260312_202651/resolved_config.yaml,
1.0,uniform_vs_heterogeneous_fixed_geometry_beta20_v1,run_20260312_202651,heterogeneous_trial_0060,heterogeneous,candidate,60,heterogeneous_fixed_repeated_eval_study,59,completed,,,1234,1518080350,3555159277,939434031,1326351606,20.0,0.2,0.05,0.01,100,distributional_beta,random,5,3.0,equal,3.186792049903069,76.0,1.0,75.0,KR_minus_GR,141.18490880005993,2026-03-13T01:25:06Z,2026-03-13T01:27:27Z,results/raw/uniform_vs_heterogeneous_fixed_geometry_beta20_v1/run_20260312_202651/resolved_config.yaml,
1.0,uniform_vs_heterogeneous_fixed_geometry_beta20_v1,run_20260312_202651,heterogeneous_trial_0061,heterogeneous,candidate,61,heterogeneous_fixed_repeated_eval_study,60,completed,,,1234,3073995906,453868057,2562132524,3016078922,20.0,0.2,0.05,0.01,100,distributional_beta,random,5,3.0,equal,3.291346353857465,74.0,1.0,73.0,KR_minus_GR,141.51017510006204,2026-03-13T01:27:27Z,2026-03-13T01:29:49Z,results/raw/uniform_vs_heterogeneous_fixed_geometry_beta20_v1/run_20260312_202651/resolved_config.yaml,
1.0,uniform_vs_heterogeneous_fixed_geometry_beta20_v1,run_20260312_202651,heterogeneous_trial_0062,heterogeneous,candidate,62,heterogeneous_fixed_repeated_eval_study,61,completed,,,1234,2615114872,2334642837,1405132881,1676403764,20.0,0.2,0.05,0.01,100,distributional_beta,random,5,3.0,equal,3.988396658923397,77.0,1.0,76.0,KR_minus_GR,141.61976870009676,2026-03-13T01:29:49Z,2026-03-13T01:32:10Z,results/raw/uniform_vs_heterogeneous_fixed_geometry_beta20_v1/run_20260312_202651/resolved_config.yaml,
1.0,uniform_vs_heterogeneous_fixed_geometry_beta20_v1,run_20260312_202651,heterogeneous_trial_0063,heterogeneous,candidate,63,heterogeneous_fixed_repeated_eval_study,62,completed,,,1234,2811513653,2771746554,1445946270,811349955,20.0,0.2,0.05,0.01,100,distributional_beta,random,5,3.0,equal,3.9211030099823256,74.0,1.0,73.0,KR_minus_GR,141.5343480000738,2026-03-13T01:32:10Z,2026-03-13T01:34:32Z,results/raw/uniform_vs_heterogeneous_fixed_geometry_beta20_v1/run_20260312_202651/resolved_config.yaml,
1.0,uniform_vs_heterogeneous_fixed_geometry_beta20_v1,run_20260312_202651,heterogeneous_trial_0064,heterogeneous,candidate,64,heterogeneous_fixed_repeated_eval_study,63,completed,,,1234,599789537,2439388657,3766395589,3674634398,20.0,0.2,0.05,0.01,100,distributional_beta,random,5,3.0,equal,3.347078599757166,75.0,1.0,74.0,KR_minus_GR,141.40010900003836,2026-03-13T01:34:32Z,2026-03-13T01:36:53Z,results/raw/uniform_vs_heterogeneous_fixed_geometry_beta20_v1/run_20260312_202651/resolved_config.yaml,
1.0,uniform_vs_heterogeneous_fixed_geometry_beta20_v1,run_20260312_202651,heterogeneous_trial_0065,heterogeneous,candidate,65,heterogeneous_fixed_repeated_eval_study,64,completed,,,1234,579878734,142405703,4230929561,3612879906,20.0,0.2,0.05,0.01,100,distributional_beta,random,5,3.0,equal,3.6875815200028743,77.0,1.0,76.0,KR_minus_GR,141.6339199000504,2026-03-13T01:36:53Z,2026-03-13T01:39:15Z,results/raw/uniform_vs_heterogeneous_fixed_geometry_beta20_v1/run_20260312_202651/resolved_config.yaml,
1.0,uniform_vs_heterogeneous_fixed_geometry_beta20_v1,run_20260312_202651,heterogeneous_trial_0066,heterogeneous,candidate,66,heterogeneous_fixed_repeated_eval_study,65,completed,,,1234,436085315,3346236428,220555922,394463040,20.0,0.2,0.05,0.01,100,distributional_beta,random,5,3.0,equal,3.9318949259151146,75.0,1.0,74.0,KR_minus_GR,141.89358710008673,2026-03-13T01:39:15Z,2026-03-13T01:41:37Z,results/raw/uniform_vs_heterogeneous_fixed_geometry_beta20_v1/run_20260312_202651/resolved_config.yaml,
1.0,uniform_vs_heterogeneous_fixed_geometry_beta20_v1,run_20260312_202651,heterogeneous_trial_0067,heterogeneous,candidate,67,heterogeneous_fixed_repeated_eval_study,66,completed,,,1234,1536734688,1555185454,215276985,1424562137,20.0,0.2,0.05,0.01,100,distributional_beta,random,5,3.0,equal,3.962138353263717,74.0,1.0,73.0,KR_minus_GR,141.55824039992876,2026-03-13T01:41:37Z,2026-03-13T01:43:58Z,results/raw/uniform_vs_heterogeneous_fixed_geometry_beta20_v1/run_20260312_202651/resolved_config.yaml,
1.0,uniform_vs_heterogeneous_fixed_geometry_beta20_v1,run_20260312_202651,heterogeneous_trial_0068,heterogeneous,candidate,68,heterogeneous_fixed_repeated_eval_study,67,completed,,,1234,80796150,3745943089,3844664100,1605760967,20.0,0.2,0.05,0.01,100,distributional_beta,random,5,3.0,equal,3.4176320794769026,75.0,1.0,74.0,KR_minus_GR,141.18632680014707,2026-03-13T01:43:58Z,2026-03-13T01:46:20Z,results/raw/uniform_vs_heterogeneous_fixed_geometry_beta20_v1/run_20260312_202651/resolved_config.yaml,
1.0,uniform_vs_heterogeneous_fixed_geometry_beta20_v1,run_20260312_202651,heterogeneous_trial_0069,heterogeneous,candidate,69,heterogeneous_fixed_repeated_eval_study,68,completed,,,1234,3978828611,3429406670,1492158513,3549350213,20.0,0.2,0.05,0.01,100,distributional_beta,random,5,3.0,equal,3.9326280938534577,76.0,1.0,75.0,KR_minus_GR,141.4037979999557,2026-03-13T01:46:20Z,2026-03-13T01:48:41Z,results/raw/uniform_vs_heterogeneous_fixed_geometry_beta20_v1/run_20260312_202651/resolved_config.yaml,
1.0,uniform_vs_heterogeneous_fixed_geometry_beta20_v1,run_20260312_202651,heterogeneous_trial_0070,heterogeneous,candidate,70,heterogeneous_fixed_repeated_eval_study,69,completed,,,1234,571863969,2966090648,2051069814,3088028649,20.0,0.2,0.05,0.01,100,distributional_beta,random,5,3.0,equal,3.2237451970324487,75.0,1.0,74.0,KR_minus_GR,141.19538869988173,2026-03-13T01:48:41Z,2026-03-13T01:51:02Z,results/raw/uniform_vs_heterogeneous_fixed_geometry_beta20_v1/run_20260312_202651/resolved_config.yaml,
1.0,uniform_vs_heterogeneous_fixed_geometry_beta20_v1,run_20260312_202651,heterogeneous_trial_0071,heterogeneous,candidate,71,heterogeneous_fixed_repeated_eval_study,70,completed,,,1234,1172440472,1042069134,2918909278,1881197902,20.0,0.2,0.05,0.01,100,distributional_beta,random,5,3.0,equal,3.8701142098100934,76.0,1.0,75.0,KR_minus_GR,141.78571239998564,2026-03-13T01:51:02Z,2026-03-13T01:53:24Z,results/raw/uniform_vs_heterogeneous_fixed_geometry_beta20_v1/run_20260312_202651/resolved_config.yaml,
1.0,uniform_vs_heterogeneous_fixed_geometry_beta20_v1,run_20260312_202651,heterogeneous_trial_0072,heterogeneous,candidate,72,heterogeneous_fixed_repeated_eval_study,71,completed,,,1234,1286691695,3562800192,205823973,3136121608,20.0,0.2,0.05,0.01,100,distributional_beta,random,5,3.0,equal,4.100442445962736,76.0,1.0,75.0,KR_minus_GR,141.17368689994328,2026-03-13T01:53:24Z,2026-03-13T01:55:45Z,results/raw/uniform_vs_heterogeneous_fixed_geometry_beta20_v1/run_20260312_202651/resolved_config.yaml,
1.0,uniform_vs_heterogeneous_fixed_geometry_beta20_v1,run_20260312_202651,heterogeneous_trial_0073,heterogeneous,candidate,73,heterogeneous_fixed_repeated_eval_study,72,completed,,,1234,1490692946,1447886148,283558699,3998773978,20.0,0.2,0.05,0.01,100,distributional_beta,random,5,3.0,equal,3.899993950996675,76.0,1.0,75.0,KR_minus_GR,142.2199904997833,2026-03-13T01:55:45Z,2026-03-13T01:58:07Z,results/raw/uniform_vs_heterogeneous_fixed_geometry_beta20_v1/run_20260312_202651/resolved_config.yaml,
1.0,uniform_vs_heterogeneous_fixed_geometry_beta20_v1,run_20260312_202651,heterogeneous_trial_0074,heterogeneous,candidate,74,heterogeneous_fixed_repeated_eval_study,73,completed,,,1234,2208647031,6967677,340458346,4115557072,20.0,0.2,0.05,0.01,100,distributional_beta,random,5,3.0,equal,4.083142910764469,76.0,1.0,75.0,KR_minus_GR,141.6709066000767,2026-03-13T01:58:07Z,2026-03-13T02:00:29Z,results/raw/uniform_vs_heterogeneous_fixed_geometry_beta20_v1/run_20260312_202651/resolved_config.yaml,
1.0,uniform_vs_heterogeneous_fixed_geometry_beta20_v1,run_20260312_202651,heterogeneous_trial_0075,heterogeneous,candidate,75,heterogeneous_fixed_repeated_eval_study,74,completed,,,1234,3279621402,1945876100,2624257126,2880405719,20.0,0.2,0.05,0.01,100,distributional_beta,random,5,3.0,equal,3.7389102113162553,78.0,1.0,77.0,KR_minus_GR,141.45688509987667,2026-03-13T02:00:29Z,2026-03-13T02:02:51Z,results/raw/uniform_vs_heterogeneous_fixed_geometry_beta20_v1/run_20260312_202651/resolved_config.yaml,
1.0,uniform_vs_heterogeneous_fixed_geometry_beta20_v1,run_20260312_202651,heterogeneous_trial_0076,heterogeneous,candidate,76,heterogeneous_fixed_repeated_eval_study,75,completed,,,1234,67712181,1587902831,54317327,1329578051,20.0,0.2,0.05,0.01,100,distributional_beta,random,5,3.0,equal,3.462455007822789,75.0,1.0,74.0,KR_minus_GR,141.682627200149,2026-03-13T02:02:51Z,2026-03-13T02:05:12Z,results/raw/uniform_vs_heterogeneous_fixed_geometry_beta20_v1/run_20260312_202651/resolved_config.yaml,
1.0,uniform_vs_heterogeneous_fixed_geometry_beta20_v1,run_20260312_202651,heterogeneous_trial_0077,heterogeneous,candidate,77,heterogeneous_fixed_repeated_eval_study,76,completed,,,1234,289296642,2273293877,1319120149,2382511742,20.0,0.2,0.05,0.01,100,distributional_beta,random,5,3.0,equal,3.956647951800275,77.0,1.0,76.0,KR_minus_GR,141.69653659989126,2026-03-13T02:05:12Z,2026-03-13T02:07:34Z,results/raw/uniform_vs_heterogeneous_fixed_geometry_beta20_v1/run_20260312_202651/resolved_config.yaml,
1.0,uniform_vs_heterogeneous_fixed_geometry_beta20_v1,run_20260312_202651,heterogeneous_trial_0078,heterogeneous,candidate,78,heterogeneous_fixed_repeated_eval_study,77,completed,,,1234,491140667,1357490693,3187066270,1238891337,20.0,0.2,0.05,0.01,100,distributional_beta,random,5,3.0,equal,3.0553285778257537,76.0,1.0,75.0,KR_minus_GR,141.70041520008817,2026-03-13T02:07:34Z,2026-03-13T02:09:56Z,results/raw/uniform_vs_heterogeneous_fixed_geometry_beta20_v1/run_20260312_202651/resolved_config.yaml,
1.0,uniform_vs_heterogeneous_fixed_geometry_beta20_v1,run_20260312_202651,heterogeneous_trial_0079,heterogeneous,candidate,79,heterogeneous_fixed_repeated_eval_study,78,completed,,,1234,2782867501,2055585334,3961235466,803173644,20.0,0.2,0.05,0.01,100,distributional_beta,random,5,3.0,equal,3.2471667186787077,74.0,1.0,73.0,KR_minus_GR,142.9309008999262,2026-03-13T02:09:56Z,2026-03-13T02:12:19Z,results/raw/uniform_vs_heterogeneous_fixed_geometry_beta20_v1/run_20260312_202651/resolved_config.yaml,
1.0,uniform_vs_heterogeneous_fixed_geometry_beta20_v1,run_20260312_202651,heterogeneous_trial_0080,heterogeneous,candidate,80,heterogeneous_fixed_repeated_eval_study,79,completed,,,1234,4019124062,4087908582,2948716100,4099123617,20.0,0.2,0.05,0.01,100,distributional_beta,random,5,3.0,equal,3.400970330526963,76.0,1.0,75.0,KR_minus_GR,141.51963269989938,2026-03-13T02:12:19Z,2026-03-13T02:14:40Z,results/raw/uniform_vs_heterogeneous_fixed_geometry_beta20_v1/run_20260312_202651/resolved_config.yaml,
1.0,uniform_vs_heterogeneous_fixed_geometry_beta20_v1,run_20260312_202651,heterogeneous_trial_0081,heterogeneous,candidate,81,heterogeneous_fixed_repeated_eval_study,80,completed,,,1234,3710646026,1352611842,3459833767,273753704,20.0,0.2,0.05,0.01,100,distributional_beta,random,5,3.0,equal,3.602175403435062,76.0,1.0,75.0,KR_minus_GR,141.68795129982755,2026-03-13T02:14:40Z,2026-03-13T02:17:02Z,results/raw/uniform_vs_heterogeneous_fixed_geometry_beta20_v1/run_20260312_202651/resolved_config.yaml,
1.0,uniform_vs_heterogeneous_fixed_geometry_beta20_v1,run_20260312_202651,heterogeneous_trial_0082,heterogeneous,candidate,82,heterogeneous_fixed_repeated_eval_study,81,completed,,,1234,1319911257,1063197844,652138562,921586669,20.0,0.2,0.05,0.01,100,distributional_beta,random,5,3.0,equal,3.2421945956787246,75.0,1.0,74.0,KR_minus_GR,141.3588248998858,2026-03-13T02:17:02Z,2026-03-13T02:19:23Z,results/raw/uniform_vs_heterogeneous_fixed_geometry_beta20_v1/run_20260312_202651/resolved_config.yaml,
1.0,uniform_vs_heterogeneous_fixed_geometry_beta20_v1,run_20260312_202651,heterogeneous_trial_0083,heterogeneous,candidate,83,heterogeneous_fixed_repeated_eval_study,82,completed,,,1234,1525757233,3428462907,2540697654,4148049056,20.0,0.2,0.05,0.01,100,distributional_beta,random,5,3.0,equal,3.2727524515658137,76.0,1.0,75.0,KR_minus_GR,142.3299727998674,2026-03-13T02:19:23Z,2026-03-13T02:21:46Z,results/raw/uniform_vs_heterogeneous_fixed_geometry_beta20_v1/run_20260312_202651/resolved_config.yaml,
1.0,uniform_vs_heterogeneous_fixed_geometry_beta20_v1,run_20260312_202651,heterogeneous_trial_0084,heterogeneous,candidate,84,heterogeneous_fixed_repeated_eval_study,83,completed,,,1234,3764016256,2252770941,4076032730,3736248422,20.0,0.2,0.05,0.01,100,distributional_beta,random,5,3.0,equal,3.8238818367208984,77.0,1.0,76.0,KR_minus_GR,141.49308670009486,2026-03-13T02:21:46Z,2026-03-13T02:24:07Z,results/raw/uniform_vs_heterogeneous_fixed_geometry_beta20_v1/run_20260312_202651/resolved_config.yaml,
1.0,uniform_vs_heterogeneous_fixed_geometry_beta20_v1,run_20260312_202651,heterogeneous_trial_0085,heterogeneous,candidate,85,heterogeneous_fixed_repeated_eval_study,84,completed,,,1234,315137699,174957321,11010478,580681873,20.0,0.2,0.05,0.01,100,distributional_beta,random,5,3.0,equal,3.894592262965475,75.0,1.0,74.0,KR_minus_GR,141.53584609995596,2026-03-13T02:24:07Z,2026-03-13T02:26:29Z,results/raw/uniform_vs_heterogeneous_fixed_geometry_beta20_v1/run_20260312_202651/resolved_config.yaml,
1.0,uniform_vs_heterogeneous_fixed_geometry_beta20_v1,run_20260312_202651,heterogeneous_trial_0086,heterogeneous,candidate,86,heterogeneous_fixed_repeated_eval_study,85,completed,,,1234,4258053301,796291454,1910449738,4016269299,20.0,0.2,0.05,0.01,100,distributional_beta,random,5,3.0,equal,3.184735973628122,75.0,1.0,74.0,KR_minus_GR,141.8250625000801,2026-03-13T02:26:29Z,2026-03-13T02:28:50Z,results/raw/uniform_vs_heterogeneous_fixed_geometry_beta20_v1/run_20260312_202651/resolved_config.yaml,
1.0,uniform_vs_heterogeneous_fixed_geometry_beta20_v1,run_20260312_202651,heterogeneous_trial_0087,heterogeneous,candidate,87,heterogeneous_fixed_repeated_eval_study,86,completed,,,1234,2339887337,3127328086,2757699821,2213248466,20.0,0.2,0.05,0.01,100,distributional_beta,random,5,3.0,equal,3.472970105861732,77.0,1.0,76.0,KR_minus_GR,141.123028999893,2026-03-13T02:28:50Z,2026-03-13T02:31:12Z,results/raw/uniform_vs_heterogeneous_fixed_geometry_beta20_v1/run_20260312_202651/resolved_config.yaml,
1.0,uniform_vs_heterogeneous_fixed_geometry_beta20_v1,run_20260312_202651,heterogeneous_trial_0088,heterogeneous,candidate,88,heterogeneous_fixed_repeated_eval_study,87,completed,,,1234,3202013821,2302384930,1462506011,3786442437,20.0,0.2,0.05,0.01,100,distributional_beta,random,5,3.0,equal,3.093715090401368,76.0,1.0,75.0,KR_minus_GR,140.8736030999571,2026-03-13T02:31:12Z,2026-03-13T02:33:32Z,results/raw/uniform_vs_heterogeneous_fixed_geometry_beta20_v1/run_20260312_202651/resolved_config.yaml,
1.0,uniform_vs_heterogeneous_fixed_geometry_beta20_v1,run_20260312_202651,heterogeneous_trial_0089,heterogeneous,candidate,89,heterogeneous_fixed_repeated_eval_study,88,completed,,,1234,645873636,382411591,3232196778,2090333668,20.0,0.2,0.05,0.01,100,distributional_beta,random,5,3.0,equal,3.26229918159419,75.0,1.0,74.0,KR_minus_GR,142.30601669987664,2026-03-13T02:33:32Z,2026-03-13T02:35:55Z,results/raw/uniform_vs_heterogeneous_fixed_geometry_beta20_v1/run_20260312_202651/resolved_config.yaml,
1.0,uniform_vs_heterogeneous_fixed_geometry_beta20_v1,run_20260312_202651,heterogeneous_trial_0090,heterogeneous,candidate,90,heterogeneous_fixed_repeated_eval_study,89,completed,,,1234,3894143017,2177664106,3221808252,692151732,20.0,0.2,0.05,0.01,100,distributional_beta,random,5,3.0,equal,3.535538592895507,75.0,1.0,74.0,KR_minus_GR,141.14754860009998,2026-03-13T02:35:55Z,2026-03-13T02:38:16Z,results/raw/uniform_vs_heterogeneous_fixed_geometry_beta20_v1/run_20260312_202651/resolved_config.yaml,
1.0,uniform_vs_heterogeneous_fixed_geometry_beta20_v1,run_20260312_202651,heterogeneous_trial_0091,heterogeneous,candidate,91,heterogeneous_fixed_repeated_eval_study,90,completed,,,1234,2826662693,3901169757,1423262548,167362270,20.0,0.2,0.05,0.01,100,distributional_beta,random,5,3.0,equal,3.8727169540189204,74.0,1.0,73.0,KR_minus_GR,141.37543009989895,2026-03-13T02:38:16Z,2026-03-13T02:40:37Z,results/raw/uniform_vs_heterogeneous_fixed_geometry_beta20_v1/run_20260312_202651/resolved_config.yaml,
1.0,uniform_vs_heterogeneous_fixed_geometry_beta20_v1,run_20260312_202651,heterogeneous_trial_0092,heterogeneous,candidate,92,heterogeneous_fixed_repeated_eval_study,91,completed,,,1234,551381087,1367373553,1856558129,777709439,20.0,0.2,0.05,0.01,100,distributional_beta,random,5,3.0,equal,2.912954981950565,76.0,1.0,75.0,KR_minus_GR,141.86209700000472,2026-03-13T02:40:37Z,2026-03-13T02:42:59Z,results/raw/uniform_vs_heterogeneous_fixed_geometry_beta20_v1/run_20260312_202651/resolved_config.yaml,
1.0,uniform_vs_heterogeneous_fixed_geometry_beta20_v1,run_20260312_202651,heterogeneous_trial_0093,heterogeneous,candidate,93,heterogeneous_fixed_repeated_eval_study,92,completed,,,1234,2972401259,3613390615,1505547117,1275129001,20.0,0.2,0.05,0.01,100,distributional_beta,random,5,3.0,equal,2.9282119942421434,75.0,1.0,74.0,KR_minus_GR,141.04605420003645,2026-03-13T02:42:59Z,2026-03-13T02:45:20Z,results/raw/uniform_vs_heterogeneous_fixed_geometry_beta20_v1/run_20260312_202651/resolved_config.yaml,
1.0,uniform_vs_heterogeneous_fixed_geometry_beta20_v1,run_20260312_202651,heterogeneous_trial_0094,heterogeneous,candidate,94,heterogeneous_fixed_repeated_eval_study,93,completed,,,1234,3492435611,2079328,357587498,1894357084,20.0,0.2,0.05,0.01,100,distributional_beta,random,5,3.0,equal,3.6542999059615604,74.0,1.0,73.0,KR_minus_GR,141.90196899999864,2026-03-13T02:45:20Z,2026-03-13T02:47:42Z,results/raw/uniform_vs_heterogeneous_fixed_geometry_beta20_v1/run_20260312_202651/resolved_config.yaml,
1.0,uniform_vs_heterogeneous_fixed_geometry_beta20_v1,run_20260312_202651,heterogeneous_trial_0095,heterogeneous,candidate,95,heterogeneous_fixed_repeated_eval_study,94,completed,,,1234,2034054400,2286546939,1596534393,3339062341,20.0,0.2,0.05,0.01,100,distributional_beta,random,5,3.0,equal,3.5709208213916512,76.0,1.0,75.0,KR_minus_GR,141.27225550008006,2026-03-13T02:47:42Z,2026-03-13T02:50:03Z,results/raw/uniform_vs_heterogeneous_fixed_geometry_beta20_v1/run_20260312_202651/resolved_config.yaml,
1.0,uniform_vs_heterogeneous_fixed_geometry_beta20_v1,run_20260312_202651,heterogeneous_trial_0096,heterogeneous,candidate,96,heterogeneous_fixed_repeated_eval_study,95,completed,,,1234,1337405052,2515108171,1716231492,1924509965,20.0,0.2,0.05,0.01,100,distributional_beta,random,5,3.0,equal,3.051876678983258,75.0,1.0,74.0,KR_minus_GR,141.83543460001238,2026-03-13T02:50:03Z,2026-03-13T02:52:25Z,results/raw/uniform_vs_heterogeneous_fixed_geometry_beta20_v1/run_20260312_202651/resolved_config.yaml,
1.0,uniform_vs_heterogeneous_fixed_geometry_beta20_v1,run_20260312_202651,heterogeneous_trial_0097,heterogeneous,candidate,97,heterogeneous_fixed_repeated_eval_study,96,completed,,,1234,1887788852,2401894754,1099896810,514215799,20.0,0.2,0.05,0.01,100,distributional_beta,random,5,3.0,equal,2.9143008648360236,77.0,2.0,75.0,KR_minus_GR,141.4683217999991,2026-03-13T02:52:25Z,2026-03-13T02:54:47Z,results/raw/uniform_vs_heterogeneous_fixed_geometry_beta20_v1/run_20260312_202651/resolved_config.yaml,
1.0,uniform_vs_heterogeneous_fixed_geometry_beta20_v1,run_20260312_202651,heterogeneous_trial_0098,heterogeneous,candidate,98,heterogeneous_fixed_repeated_eval_study,97,completed,,,1234,1955387794,921758354,2295240670,1380870399,20.0,0.2,0.05,0.01,100,distributional_beta,random,5,3.0,equal,3.315764485137963,75.0,1.0,74.0,KR_minus_GR,142.67397040012293,2026-03-13T02:54:47Z,2026-03-13T02:57:09Z,results/raw/uniform_vs_heterogeneous_fixed_geometry_beta20_v1/run_20260312_202651/resolved_config.yaml,
1.0,uniform_vs_heterogeneous_fixed_geometry_beta20_v1,run_20260312_202651,heterogeneous_trial_0099,heterogeneous,candidate,99,heterogeneous_fixed_repeated_eval_study,98,completed,,,1234,3115545693,101028421,857427586,2392032030,20.0,0.2,0.05,0.01,100,distributional_beta,random,5,3.0,equal,4.0288567206578465,74.0,1.0,73.0,KR_minus_GR,141.63594170007855,2026-03-13T02:57:09Z,2026-03-13T02:59:31Z,results/raw/uniform_vs_heterogeneous_fixed_geometry_beta20_v1/run_20260312_202651/resolved_config.yaml,
1.0,uniform_vs_heterogeneous_fixed_geometry_beta20_v1,run_20260312_202651,heterogeneous_trial_0100,heterogeneous,candidate,100,heterogeneous_fixed_repeated_eval_study,99,completed,,,1234,2031048259,662613312,704661902,681586874,20.0,0.2,0.05,0.01,100,distributional_beta,random,5,3.0,equal,3.5073464220299857,74.0,1.0,73.0,KR_minus_GR,141.15064690005966,2026-03-13T02:59:31Z,2026-03-13T03:01:52Z,results/raw/uniform_vs_heterogeneous_fixed_geometry_beta20_v1/run_20260312_202651/resolved_config.yaml,
