study_id,run_id,pair_name,grid_index,x_parameter,x_index,x_value,y_parameter,y_index,y_value,family,family_role,trial_id,status,failure_code,failure_message,nominal_beta_prime,nominal_theta,nominal_gamma,nominal_m0,nominal_n_instances,nominal_beta_spread,applied_beta_prime,applied_theta,applied_gamma,applied_m0,applied_n_instances,applied_beta_spread,Nvirt,geometry_mode,morphology_scheme,morphology_weights_mode,morphology_seed,trial_seed,input_signal_seed,mask_seed,MC,KR,GR,CQ,runtime_seconds,started_at_utc,finished_at_utc
uniform_vs_heterogeneous_parameter_pair_tims_sweep_v1,run_20260315_113140,gamma__theta,1,gamma,1,0.01,theta,1,0.01,uniform,baseline,gamma__theta_grid_01_uniform,completed,,,20.0,0.01,0.01,0.01,5,3.0,20.0,0.01,0.01,0.01,,,100,uniform,,,,1065291831,3175857252,1734672798,2.1171580828141057,17.0,2.0,15.0,94.17785510001704,2026-03-15T17:59:10Z,2026-03-15T18:00:44Z
uniform_vs_heterogeneous_parameter_pair_tims_sweep_v1,run_20260315_113140,gamma__theta,1,gamma,1,0.01,theta,1,0.01,heterogeneous,candidate,gamma__theta_grid_01_heterogeneous,completed,,,20.0,0.01,0.01,0.01,5,3.0,20.0,0.01,0.01,0.01,5,3.0,100,distributional_beta,random,equal,3897761708,1065291831,3175857252,1734672798,2.7714113980348145,21.0,3.0,18.0,137.54971529985778,2026-03-15T18:00:44Z,2026-03-15T18:03:01Z
uniform_vs_heterogeneous_parameter_pair_tims_sweep_v1,run_20260315_113140,gamma__theta,2,gamma,1,0.01,theta,2,0.1575,uniform,baseline,gamma__theta_grid_02_uniform,completed,,,20.0,0.1575,0.01,0.01,5,3.0,20.0,0.1575,0.01,0.01,,,100,uniform,,,,1887137874,298918337,3009373744,2.313163296811557,57.0,1.0,56.0,93.64720200002193,2026-03-15T18:03:01Z,2026-03-15T18:04:35Z
uniform_vs_heterogeneous_parameter_pair_tims_sweep_v1,run_20260315_113140,gamma__theta,2,gamma,1,0.01,theta,2,0.1575,heterogeneous,candidate,gamma__theta_grid_02_heterogeneous,completed,,,20.0,0.1575,0.01,0.01,5,3.0,20.0,0.1575,0.01,0.01,5,3.0,100,distributional_beta,random,equal,3897761708,1887137874,298918337,3009373744,2.1539666324154516,51.0,1.0,50.0,137.835266900016,2026-03-15T18:04:35Z,2026-03-15T18:06:53Z
uniform_vs_heterogeneous_parameter_pair_tims_sweep_v1,run_20260315_113140,gamma__theta,3,gamma,1,0.01,theta,3,0.305,uniform,baseline,gamma__theta_grid_03_uniform,completed,,,20.0,0.305,0.01,0.01,5,3.0,20.0,0.305,0.01,0.01,,,100,uniform,,,,1286178840,3686406010,4190258427,2.2985536564952893,56.0,1.0,55.0,93.6376551000867,2026-03-15T18:06:53Z,2026-03-15T18:08:27Z
uniform_vs_heterogeneous_parameter_pair_tims_sweep_v1,run_20260315_113140,gamma__theta,3,gamma,1,0.01,theta,3,0.305,heterogeneous,candidate,gamma__theta_grid_03_heterogeneous,completed,,,20.0,0.305,0.01,0.01,5,3.0,20.0,0.305,0.01,0.01,5,3.0,100,distributional_beta,random,equal,3897761708,1286178840,3686406010,4190258427,2.252681891319014,45.0,1.0,44.0,137.6282963999547,2026-03-15T18:08:27Z,2026-03-15T18:10:44Z
uniform_vs_heterogeneous_parameter_pair_tims_sweep_v1,run_20260315_113140,gamma__theta,4,gamma,1,0.01,theta,4,0.4525,uniform,baseline,gamma__theta_grid_04_uniform,completed,,,20.0,0.4525,0.01,0.01,5,3.0,20.0,0.4525,0.01,0.01,,,100,uniform,,,,3495592210,147377807,3517605808,2.4910053777069736,53.0,1.0,52.0,93.66173009993508,2026-03-15T18:10:44Z,2026-03-15T18:12:18Z
uniform_vs_heterogeneous_parameter_pair_tims_sweep_v1,run_20260315_113140,gamma__theta,4,gamma,1,0.01,theta,4,0.4525,heterogeneous,candidate,gamma__theta_grid_04_heterogeneous,completed,,,20.0,0.4525,0.01,0.01,5,3.0,20.0,0.4525,0.01,0.01,5,3.0,100,distributional_beta,random,equal,3897761708,3495592210,147377807,3517605808,2.5922346305840938,42.0,1.0,41.0,138.49235640000552,2026-03-15T18:12:18Z,2026-03-15T18:14:36Z
uniform_vs_heterogeneous_parameter_pair_tims_sweep_v1,run_20260315_113140,gamma__theta,5,gamma,1,0.01,theta,5,0.6,uniform,baseline,gamma__theta_grid_05_uniform,completed,,,20.0,0.6,0.01,0.01,5,3.0,20.0,0.6,0.01,0.01,,,100,uniform,,,,2744954352,3117083050,522392297,2.212999480650909,53.0,1.0,52.0,94.02360330009833,2026-03-15T18:14:36Z,2026-03-15T18:16:10Z
uniform_vs_heterogeneous_parameter_pair_tims_sweep_v1,run_20260315_113140,gamma__theta,5,gamma,1,0.01,theta,5,0.6,heterogeneous,candidate,gamma__theta_grid_05_heterogeneous,completed,,,20.0,0.6,0.01,0.01,5,3.0,20.0,0.6,0.01,0.01,5,3.0,100,distributional_beta,random,equal,3897761708,2744954352,3117083050,522392297,2.25203420596982,40.0,1.0,39.0,137.29489489994012,2026-03-15T18:16:10Z,2026-03-15T18:18:28Z
uniform_vs_heterogeneous_parameter_pair_tims_sweep_v1,run_20260315_113140,gamma__theta,6,gamma,2,0.0575,theta,1,0.01,uniform,baseline,gamma__theta_grid_06_uniform,completed,,,20.0,0.01,0.0575,0.01,5,3.0,20.0,0.01,0.0575,0.01,,,100,uniform,,,,2911530073,4244674546,2506541798,3.2434744981870915,44.0,2.0,42.0,93.47031310014427,2026-03-15T18:18:28Z,2026-03-15T18:20:01Z
uniform_vs_heterogeneous_parameter_pair_tims_sweep_v1,run_20260315_113140,gamma__theta,6,gamma,2,0.0575,theta,1,0.01,heterogeneous,candidate,gamma__theta_grid_06_heterogeneous,completed,,,20.0,0.01,0.0575,0.01,5,3.0,20.0,0.01,0.0575,0.01,5,3.0,100,distributional_beta,random,equal,3897761708,2911530073,4244674546,2506541798,3.1452576555888982,66.0,2.0,64.0,137.49368209997192,2026-03-15T18:20:01Z,2026-03-15T18:22:19Z
uniform_vs_heterogeneous_parameter_pair_tims_sweep_v1,run_20260315_113140,gamma__theta,7,gamma,2,0.0575,theta,2,0.1575,uniform,baseline,gamma__theta_grid_07_uniform,completed,,,20.0,0.1575,0.0575,0.01,5,3.0,20.0,0.1575,0.0575,0.01,,,100,uniform,,,,3852134245,3654193925,2441700079,3.450413520469705,86.0,1.0,85.0,93.85830119997263,2026-03-15T18:22:19Z,2026-03-15T18:23:52Z
uniform_vs_heterogeneous_parameter_pair_tims_sweep_v1,run_20260315_113140,gamma__theta,7,gamma,2,0.0575,theta,2,0.1575,heterogeneous,candidate,gamma__theta_grid_07_heterogeneous,completed,,,20.0,0.1575,0.0575,0.01,5,3.0,20.0,0.1575,0.0575,0.01,5,3.0,100,distributional_beta,random,equal,3897761708,3852134245,3654193925,2441700079,3.4108886109687773,79.0,1.0,78.0,137.90666919993237,2026-03-15T18:23:52Z,2026-03-15T18:26:10Z
uniform_vs_heterogeneous_parameter_pair_tims_sweep_v1,run_20260315_113140,gamma__theta,8,gamma,2,0.0575,theta,3,0.305,uniform,baseline,gamma__theta_grid_08_uniform,completed,,,20.0,0.305,0.0575,0.01,5,3.0,20.0,0.305,0.0575,0.01,,,100,uniform,,,,2023143690,1254659695,1025110329,3.749979540260732,79.0,1.0,78.0,93.74267900013365,2026-03-15T18:26:10Z,2026-03-15T18:27:44Z
uniform_vs_heterogeneous_parameter_pair_tims_sweep_v1,run_20260315_113140,gamma__theta,8,gamma,2,0.0575,theta,3,0.305,heterogeneous,candidate,gamma__theta_grid_08_heterogeneous,completed,,,20.0,0.305,0.0575,0.01,5,3.0,20.0,0.305,0.0575,0.01,5,3.0,100,distributional_beta,random,equal,3897761708,2023143690,1254659695,1025110329,3.714617114541727,67.0,1.0,66.0,137.3282488998957,2026-03-15T18:27:44Z,2026-03-15T18:30:01Z
uniform_vs_heterogeneous_parameter_pair_tims_sweep_v1,run_20260315_113140,gamma__theta,9,gamma,2,0.0575,theta,4,0.4525,uniform,baseline,gamma__theta_grid_09_uniform,completed,,,20.0,0.4525,0.0575,0.01,5,3.0,20.0,0.4525,0.0575,0.01,,,100,uniform,,,,875667003,4066930353,3340755503,3.711067645937718,81.0,1.0,80.0,93.80034750001505,2026-03-15T18:30:01Z,2026-03-15T18:31:35Z
uniform_vs_heterogeneous_parameter_pair_tims_sweep_v1,run_20260315_113140,gamma__theta,9,gamma,2,0.0575,theta,4,0.4525,heterogeneous,candidate,gamma__theta_grid_09_heterogeneous,completed,,,20.0,0.4525,0.0575,0.01,5,3.0,20.0,0.4525,0.0575,0.01,5,3.0,100,distributional_beta,random,equal,3897761708,875667003,4066930353,3340755503,3.722607231544914,66.0,1.0,65.0,138.00062409997918,2026-03-15T18:31:35Z,2026-03-15T18:33:53Z
uniform_vs_heterogeneous_parameter_pair_tims_sweep_v1,run_20260315_113140,gamma__theta,10,gamma,2,0.0575,theta,5,0.6,uniform,baseline,gamma__theta_grid_10_uniform,completed,,,20.0,0.6,0.0575,0.01,5,3.0,20.0,0.6,0.0575,0.01,,,100,uniform,,,,1158476047,626795770,1054345743,3.6608959667055907,78.0,1.0,77.0,94.18025719979778,2026-03-15T18:33:53Z,2026-03-15T18:35:27Z
uniform_vs_heterogeneous_parameter_pair_tims_sweep_v1,run_20260315_113140,gamma__theta,10,gamma,2,0.0575,theta,5,0.6,heterogeneous,candidate,gamma__theta_grid_10_heterogeneous,completed,,,20.0,0.6,0.0575,0.01,5,3.0,20.0,0.6,0.0575,0.01,5,3.0,100,distributional_beta,random,equal,3897761708,1158476047,626795770,1054345743,3.736100876130396,63.0,1.0,62.0,138.54637579992414,2026-03-15T18:35:27Z,2026-03-15T18:37:46Z
uniform_vs_heterogeneous_parameter_pair_tims_sweep_v1,run_20260315_113140,gamma__theta,11,gamma,3,0.105,theta,1,0.01,uniform,baseline,gamma__theta_grid_11_uniform,completed,,,20.0,0.01,0.105,0.01,5,3.0,20.0,0.01,0.105,0.01,,,100,uniform,,,,1585855569,3768139060,2843832576,2.373682658115085,63.0,15.0,48.0,94.11619800003245,2026-03-15T18:37:46Z,2026-03-15T18:39:20Z
uniform_vs_heterogeneous_parameter_pair_tims_sweep_v1,run_20260315_113140,gamma__theta,11,gamma,3,0.105,theta,1,0.01,heterogeneous,candidate,gamma__theta_grid_11_heterogeneous,completed,,,20.0,0.01,0.105,0.01,5,3.0,20.0,0.01,0.105,0.01,5,3.0,100,distributional_beta,random,equal,3897761708,1585855569,3768139060,2843832576,2.606962418793117,80.0,19.0,61.0,138.65303779998794,2026-03-15T18:39:20Z,2026-03-15T18:41:39Z
uniform_vs_heterogeneous_parameter_pair_tims_sweep_v1,run_20260315_113140,gamma__theta,12,gamma,3,0.105,theta,2,0.1575,uniform,baseline,gamma__theta_grid_12_uniform,completed,,,20.0,0.1575,0.105,0.01,5,3.0,20.0,0.1575,0.105,0.01,,,100,uniform,,,,89918391,300333907,3336682671,4.23415288247263,89.0,10.0,79.0,94.10235279984772,2026-03-15T18:41:39Z,2026-03-15T18:43:13Z
uniform_vs_heterogeneous_parameter_pair_tims_sweep_v1,run_20260315_113140,gamma__theta,12,gamma,3,0.105,theta,2,0.1575,heterogeneous,candidate,gamma__theta_grid_12_heterogeneous,completed,,,20.0,0.1575,0.105,0.01,5,3.0,20.0,0.1575,0.105,0.01,5,3.0,100,distributional_beta,random,equal,3897761708,89918391,300333907,3336682671,4.363145904377475,83.0,20.0,63.0,138.7821626998484,2026-03-15T18:43:13Z,2026-03-15T18:45:32Z
uniform_vs_heterogeneous_parameter_pair_tims_sweep_v1,run_20260315_113140,gamma__theta,13,gamma,3,0.105,theta,3,0.305,uniform,baseline,gamma__theta_grid_13_uniform,completed,,,20.0,0.305,0.105,0.01,5,3.0,20.0,0.305,0.105,0.01,,,100,uniform,,,,128598513,1103094742,3397744645,3.7018850380558708,79.0,14.0,65.0,93.79038879997097,2026-03-15T18:45:32Z,2026-03-15T18:47:05Z
uniform_vs_heterogeneous_parameter_pair_tims_sweep_v1,run_20260315_113140,gamma__theta,13,gamma,3,0.105,theta,3,0.305,heterogeneous,candidate,gamma__theta_grid_13_heterogeneous,completed,,,20.0,0.305,0.105,0.01,5,3.0,20.0,0.305,0.105,0.01,5,3.0,100,distributional_beta,random,equal,3897761708,128598513,1103094742,3397744645,3.0001822496185553,65.0,9.0,56.0,138.36063160002232,2026-03-15T18:47:05Z,2026-03-15T18:49:24Z
uniform_vs_heterogeneous_parameter_pair_tims_sweep_v1,run_20260315_113140,gamma__theta,14,gamma,3,0.105,theta,4,0.4525,uniform,baseline,gamma__theta_grid_14_uniform,completed,,,20.0,0.4525,0.105,0.01,5,3.0,20.0,0.4525,0.105,0.01,,,100,uniform,,,,1716871987,2924469080,680738980,3.903171831944185,79.0,14.0,65.0,93.92114929994568,2026-03-15T18:49:24Z,2026-03-15T18:50:58Z
uniform_vs_heterogeneous_parameter_pair_tims_sweep_v1,run_20260315_113140,gamma__theta,14,gamma,3,0.105,theta,4,0.4525,heterogeneous,candidate,gamma__theta_grid_14_heterogeneous,completed,,,20.0,0.4525,0.105,0.01,5,3.0,20.0,0.4525,0.105,0.01,5,3.0,100,distributional_beta,random,equal,3897761708,1716871987,2924469080,680738980,4.0248780263591435,65.0,8.0,57.0,137.7733992000576,2026-03-15T18:50:58Z,2026-03-15T18:53:16Z
uniform_vs_heterogeneous_parameter_pair_tims_sweep_v1,run_20260315_113140,gamma__theta,15,gamma,3,0.105,theta,5,0.6,uniform,baseline,gamma__theta_grid_15_uniform,completed,,,20.0,0.6,0.105,0.01,5,3.0,20.0,0.6,0.105,0.01,,,100,uniform,,,,1888708746,3898112445,1496295809,3.5749903963012906,80.0,16.0,64.0,93.90564650017768,2026-03-15T18:53:16Z,2026-03-15T18:54:49Z
uniform_vs_heterogeneous_parameter_pair_tims_sweep_v1,run_20260315_113140,gamma__theta,15,gamma,3,0.105,theta,5,0.6,heterogeneous,candidate,gamma__theta_grid_15_heterogeneous,completed,,,20.0,0.6,0.105,0.01,5,3.0,20.0,0.6,0.105,0.01,5,3.0,100,distributional_beta,random,equal,3897761708,1888708746,3898112445,1496295809,3.9171475168507346,71.0,11.0,60.0,137.24831219995394,2026-03-15T18:54:49Z,2026-03-15T18:57:07Z
uniform_vs_heterogeneous_parameter_pair_tims_sweep_v1,run_20260315_113140,gamma__theta,16,gamma,4,0.15250000000000002,theta,1,0.01,uniform,baseline,gamma__theta_grid_16_uniform,completed,,,20.0,0.01,0.15250000000000002,0.01,5,3.0,20.0,0.01,0.15250000000000002,0.01,,,100,uniform,,,,3390548928,1860642052,2365131639,2.3071024148306516,79.0,39.0,40.0,94.22862210008316,2026-03-15T18:57:07Z,2026-03-15T18:58:41Z
uniform_vs_heterogeneous_parameter_pair_tims_sweep_v1,run_20260315_113140,gamma__theta,16,gamma,4,0.15250000000000002,theta,1,0.01,heterogeneous,candidate,gamma__theta_grid_16_heterogeneous,completed,,,20.0,0.01,0.15250000000000002,0.01,5,3.0,20.0,0.01,0.15250000000000002,0.01,5,3.0,100,distributional_beta,random,equal,3897761708,3390548928,1860642052,2365131639,2.936074988692048,81.0,58.0,23.0,138.03637939994223,2026-03-15T18:58:41Z,2026-03-15T19:00:59Z
uniform_vs_heterogeneous_parameter_pair_tims_sweep_v1,run_20260315_113140,gamma__theta,17,gamma,4,0.15250000000000002,theta,2,0.1575,uniform,baseline,gamma__theta_grid_17_uniform,completed,,,20.0,0.1575,0.15250000000000002,0.01,5,3.0,20.0,0.1575,0.15250000000000002,0.01,,,100,uniform,,,,656253064,3818063064,1216331064,4.219710081049864,89.0,74.0,15.0,93.89588510012254,2026-03-15T19:00:59Z,2026-03-15T19:02:33Z
uniform_vs_heterogeneous_parameter_pair_tims_sweep_v1,run_20260315_113140,gamma__theta,17,gamma,4,0.15250000000000002,theta,2,0.1575,heterogeneous,candidate,gamma__theta_grid_17_heterogeneous,completed,,,20.0,0.1575,0.15250000000000002,0.01,5,3.0,20.0,0.1575,0.15250000000000002,0.01,5,3.0,100,distributional_beta,random,equal,3897761708,656253064,3818063064,1216331064,3.3931194817699724,81.0,57.0,24.0,137.89886120008305,2026-03-15T19:02:33Z,2026-03-15T19:04:51Z
uniform_vs_heterogeneous_parameter_pair_tims_sweep_v1,run_20260315_113140,gamma__theta,18,gamma,4,0.15250000000000002,theta,3,0.305,uniform,baseline,gamma__theta_grid_18_uniform,completed,,,20.0,0.305,0.15250000000000002,0.01,5,3.0,20.0,0.305,0.15250000000000002,0.01,,,100,uniform,,,,1706523125,330411143,2647856842,2.70169853101093,79.0,61.0,18.0,94.10900779999793,2026-03-15T19:04:51Z,2026-03-15T19:06:25Z
uniform_vs_heterogeneous_parameter_pair_tims_sweep_v1,run_20260315_113140,gamma__theta,18,gamma,4,0.15250000000000002,theta,3,0.305,heterogeneous,candidate,gamma__theta_grid_18_heterogeneous,completed,,,20.0,0.305,0.15250000000000002,0.01,5,3.0,20.0,0.305,0.15250000000000002,0.01,5,3.0,100,distributional_beta,random,equal,3897761708,1706523125,330411143,2647856842,2.7816853914746726,65.0,50.0,15.0,138.2824619000312,2026-03-15T19:06:25Z,2026-03-15T19:08:43Z
uniform_vs_heterogeneous_parameter_pair_tims_sweep_v1,run_20260315_113140,gamma__theta,19,gamma,4,0.15250000000000002,theta,4,0.4525,uniform,baseline,gamma__theta_grid_19_uniform,completed,,,20.0,0.4525,0.15250000000000002,0.01,5,3.0,20.0,0.4525,0.15250000000000002,0.01,,,100,uniform,,,,420462631,247569917,3433665116,2.039844537494727,92.0,84.0,8.0,94.188846899895,2026-03-15T19:08:43Z,2026-03-15T19:10:17Z
uniform_vs_heterogeneous_parameter_pair_tims_sweep_v1,run_20260315_113140,gamma__theta,19,gamma,4,0.15250000000000002,theta,4,0.4525,heterogeneous,candidate,gamma__theta_grid_19_heterogeneous,completed,,,20.0,0.4525,0.15250000000000002,0.01,5,3.0,20.0,0.4525,0.15250000000000002,0.01,5,3.0,100,distributional_beta,random,equal,3897761708,420462631,247569917,3433665116,1.1155096433984193,82.0,74.0,8.0,137.58903670008294,2026-03-15T19:10:17Z,2026-03-15T19:12:35Z
uniform_vs_heterogeneous_parameter_pair_tims_sweep_v1,run_20260315_113140,gamma__theta,20,gamma,4,0.15250000000000002,theta,5,0.6,uniform,baseline,gamma__theta_grid_20_uniform,completed,,,20.0,0.6,0.15250000000000002,0.01,5,3.0,20.0,0.6,0.15250000000000002,0.01,,,100,uniform,,,,2275709012,956471336,2636605149,2.874189298094958,76.0,66.0,10.0,94.90097010019235,2026-03-15T19:12:35Z,2026-03-15T19:14:10Z
uniform_vs_heterogeneous_parameter_pair_tims_sweep_v1,run_20260315_113140,gamma__theta,20,gamma,4,0.15250000000000002,theta,5,0.6,heterogeneous,candidate,gamma__theta_grid_20_heterogeneous,completed,,,20.0,0.6,0.15250000000000002,0.01,5,3.0,20.0,0.6,0.15250000000000002,0.01,5,3.0,100,distributional_beta,random,equal,3897761708,2275709012,956471336,2636605149,0.5168015209032562,65.0,57.0,8.0,138.36562060005963,2026-03-15T19:14:10Z,2026-03-15T19:16:28Z
uniform_vs_heterogeneous_parameter_pair_tims_sweep_v1,run_20260315_113140,gamma__theta,21,gamma,5,0.2,theta,1,0.01,uniform,baseline,gamma__theta_grid_21_uniform,completed,,,20.0,0.01,0.2,0.01,5,3.0,20.0,0.01,0.2,0.01,,,100,uniform,,,,818240068,3130530590,3234359148,0.10885914748898612,82.0,76.0,6.0,94.2554069000762,2026-03-15T19:16:28Z,2026-03-15T19:18:02Z
uniform_vs_heterogeneous_parameter_pair_tims_sweep_v1,run_20260315_113140,gamma__theta,21,gamma,5,0.2,theta,1,0.01,heterogeneous,candidate,gamma__theta_grid_21_heterogeneous,completed,,,20.0,0.01,0.2,0.01,5,3.0,20.0,0.01,0.2,0.01,5,3.0,100,distributional_beta,random,equal,3897761708,818240068,3130530590,3234359148,0.3685456344050852,94.0,92.0,2.0,137.9567454000935,2026-03-15T19:18:02Z,2026-03-15T19:20:20Z
uniform_vs_heterogeneous_parameter_pair_tims_sweep_v1,run_20260315_113140,gamma__theta,22,gamma,5,0.2,theta,2,0.1575,uniform,baseline,gamma__theta_grid_22_uniform,completed,,,20.0,0.1575,0.2,0.01,5,3.0,20.0,0.1575,0.2,0.01,,,100,uniform,,,,3121465667,320137292,3636929088,1.5180405692757195,50.0,54.0,-4.0,94.30544189992361,2026-03-15T19:20:20Z,2026-03-15T19:21:55Z
uniform_vs_heterogeneous_parameter_pair_tims_sweep_v1,run_20260315_113140,gamma__theta,22,gamma,5,0.2,theta,2,0.1575,heterogeneous,candidate,gamma__theta_grid_22_heterogeneous,completed,,,20.0,0.1575,0.2,0.01,5,3.0,20.0,0.1575,0.2,0.01,5,3.0,100,distributional_beta,random,equal,3897761708,3121465667,320137292,3636929088,0.42328539159241463,20.0,21.0,-1.0,137.9383708999958,2026-03-15T19:21:55Z,2026-03-15T19:24:13Z
uniform_vs_heterogeneous_parameter_pair_tims_sweep_v1,run_20260315_113140,gamma__theta,23,gamma,5,0.2,theta,3,0.305,uniform,baseline,gamma__theta_grid_23_uniform,completed,,,20.0,0.305,0.2,0.01,5,3.0,20.0,0.305,0.2,0.01,,,100,uniform,,,,3719757030,2724116952,1443042777,0.9051201874256068,38.0,40.0,-2.0,94.22142639989033,2026-03-15T19:24:13Z,2026-03-15T19:25:47Z
uniform_vs_heterogeneous_parameter_pair_tims_sweep_v1,run_20260315_113140,gamma__theta,23,gamma,5,0.2,theta,3,0.305,heterogeneous,candidate,gamma__theta_grid_23_heterogeneous,completed,,,20.0,0.305,0.2,0.01,5,3.0,20.0,0.305,0.2,0.01,5,3.0,100,distributional_beta,random,equal,3897761708,3719757030,2724116952,1443042777,1.1688447966184594,12.0,18.0,-6.0,138.1781145001296,2026-03-15T19:25:47Z,2026-03-15T19:28:05Z
uniform_vs_heterogeneous_parameter_pair_tims_sweep_v1,run_20260315_113140,gamma__theta,24,gamma,5,0.2,theta,4,0.4525,uniform,baseline,gamma__theta_grid_24_uniform,completed,,,20.0,0.4525,0.2,0.01,5,3.0,20.0,0.4525,0.2,0.01,,,100,uniform,,,,710723147,588013208,2535884139,0.0,65.0,66.0,-1.0,94.44377410016023,2026-03-15T19:28:05Z,2026-03-15T19:29:39Z
uniform_vs_heterogeneous_parameter_pair_tims_sweep_v1,run_20260315_113140,gamma__theta,24,gamma,5,0.2,theta,4,0.4525,heterogeneous,candidate,gamma__theta_grid_24_heterogeneous,completed,,,20.0,0.4525,0.2,0.01,5,3.0,20.0,0.4525,0.2,0.01,5,3.0,100,distributional_beta,random,equal,3897761708,710723147,588013208,2535884139,0.42271641995745834,73.0,78.0,-5.0,138.1440218000207,2026-03-15T19:29:39Z,2026-03-15T19:31:58Z
uniform_vs_heterogeneous_parameter_pair_tims_sweep_v1,run_20260315_113140,gamma__theta,25,gamma,5,0.2,theta,5,0.6,uniform,baseline,gamma__theta_grid_25_uniform,completed,,,20.0,0.6,0.2,0.01,5,3.0,20.0,0.6,0.2,0.01,,,100,uniform,,,,1658221551,3134270801,1964986174,1.419959368729221,44.0,46.0,-2.0,94.30628390004858,2026-03-15T19:31:58Z,2026-03-15T19:33:32Z
uniform_vs_heterogeneous_parameter_pair_tims_sweep_v1,run_20260315_113140,gamma__theta,25,gamma,5,0.2,theta,5,0.6,heterogeneous,candidate,gamma__theta_grid_25_heterogeneous,completed,,,20.0,0.6,0.2,0.01,5,3.0,20.0,0.6,0.2,0.01,5,3.0,100,distributional_beta,random,equal,3897761708,1658221551,3134270801,1964986174,0.14718980129509407,15.0,26.0,-11.0,139.30489149992354,2026-03-15T19:33:32Z,2026-03-15T19:35:51Z
